[{"model": "contenttypes.contenttype", "pk": 1, "fields": {"app_label": "admin", "model": "logentry"}}, {"model": "contenttypes.contenttype", "pk": 2, "fields": {"app_label": "auth", "model": "permission"}}, {"model": "contenttypes.contenttype", "pk": 3, "fields": {"app_label": "auth", "model": "group"}}, {"model": "contenttypes.contenttype", "pk": 4, "fields": {"app_label": "auth", "model": "user"}}, {"model": "contenttypes.contenttype", "pk": 5, "fields": {"app_label": "contenttypes", "model": "contenttype"}}, {"model": "contenttypes.contenttype", "pk": 6, "fields": {"app_label": "sessions", "model": "session"}}, {"model": "contenttypes.contenttype", "pk": 7, "fields": {"app_label": "landing", "model": "subscriber"}}, {"model": "contenttypes.contenttype", "pk": 8, "fields": {"app_label": "products", "model": "product"}}, {"model": "contenttypes.contenttype", "pk": 9, "fields": {"app_label": "products", "model": "productimage"}}, {"model": "contenttypes.contenttype", "pk": 10, "fields": {"app_label": "orders", "model": "status"}}, {"model": "contenttypes.contenttype", "pk": 11, "fields": {"app_label": "orders", "model": "order"}}, {"model": "contenttypes.contenttype", "pk": 12, "fields": {"app_label": "orders", "model": "productinorder"}}, {"model": "contenttypes.contenttype", "pk": 13, "fields": {"app_label": "products", "model": "productcategory"}}, {"model": "contenttypes.contenttype", "pk": 14, "fields": {"app_label": "orders", "model": "productinbasket"}}, {"model": "contenttypes.contenttype", "pk": 15, "fields": {"app_label": "firstblog", "model": "post"}}, {"model": "contenttypes.contenttype", "pk": 16, "fields": {"app_label": "blog", "model": "post"}}, {"model": "contenttypes.contenttype", "pk": 17, "fields": {"app_label": "blog", "model": "blogimage"}}, {"model": "contenttypes.contenttype", "pk": 18, "fields": {"app_label": "sites", "model": "site"}}, {"model": "sessions.session", "pk": "3y2jemy4qjjsof07yemw7ss1zoyouchp", "fields": {"session_data": "Zjc4YWZjZDFlMzA4MTI5NmQ1ZGFiZDhkYzExNmUxMGJmM2EzYTA1ZTp7InNlc3Npb25fa2V5IjoxMjMsIl9hdXRoX3VzZXJfaWQiOiI0IiwiX2F1dGhfdXNlcl9iYWNrZW5kIjoiZGphbmdvLmNvbnRyaWIuYXV0aC5iYWNrZW5kcy5Nb2RlbEJhY2tlbmQiLCJfYXV0aF91c2VyX2hhc2giOiJhZTdkNmZhMjhmZmRkNGE2OTBlMDRhNjdhOTc2NDk4NzYyMTlmMDE1In0=", "expire_date": "2017-12-16T02:19:24.894Z"}}, {"model": "sessions.session", "pk": "463uhhwdaxh9cizlers8m9ka86n9e6pp", "fields": {"session_data": "NmZmMzNhZTcwN2JkMjA0MDUxODg1NGQxMjRjZmM2YmMxZDEwNGU4Mzp7InNlc3Npb25fa2V5IjoxMjN9", "expire_date": "2017-12-27T10:12:35.362Z"}}, {"model": "sessions.session", "pk": "6sgpowvk05s31b3w9dao9aq2133r30z6", "fields": {"session_data": "MDU1ZGY1NjMwZmVlNTNlNDA1YmY0YzYxZmZhMWIzMGRmMmQxOWZhYTp7fQ==", "expire_date": "2017-11-10T20:55:52.707Z"}}, {"model": "sessions.session", "pk": "8gczn8ujmhzsj9u4c4ql6xi4rq092vsq", "fields": {"session_data": "MTVkMWVkZTNjZjJlMWE3NDIyYTVmNDllYWRjNGM0YmRmMTg0NTIxNjp7Il9hdXRoX3VzZXJfaWQiOiIxIiwiX2F1dGhfdXNlcl9iYWNrZW5kIjoiZGphbmdvLmNvbnRyaWIuYXV0aC5iYWNrZW5kcy5Nb2RlbEJhY2tlbmQiLCJfYXV0aF91c2VyX2hhc2giOiJlODAxYzgyZjlhZGY2YzljMTU4ZjYxMzA5NWM3ZWJhYTc0YzBmZTI1In0=", "expire_date": "2017-10-15T12:48:50.855Z"}}, {"model": "sessions.session", "pk": "92n0bjjjliaskwu6btk3rsn81agvx3jn", "fields": {"session_data": "MTVkMWVkZTNjZjJlMWE3NDIyYTVmNDllYWRjNGM0YmRmMTg0NTIxNjp7Il9hdXRoX3VzZXJfaWQiOiIxIiwiX2F1dGhfdXNlcl9iYWNrZW5kIjoiZGphbmdvLmNvbnRyaWIuYXV0aC5iYWNrZW5kcy5Nb2RlbEJhY2tlbmQiLCJfYXV0aF91c2VyX2hhc2giOiJlODAxYzgyZjlhZGY2YzljMTU4ZjYxMzA5NWM3ZWJhYTc0YzBmZTI1In0=", "expire_date": "2017-10-26T13:29:38.170Z"}}, {"model": "sessions.session", "pk": "acy3q8ez76nt238jcdc8fwq77c545iu5", "fields": {"session_data": "Zjc4YWZjZDFlMzA4MTI5NmQ1ZGFiZDhkYzExNmUxMGJmM2EzYTA1ZTp7InNlc3Npb25fa2V5IjoxMjMsIl9hdXRoX3VzZXJfaWQiOiI0IiwiX2F1dGhfdXNlcl9iYWNrZW5kIjoiZGphbmdvLmNvbnRyaWIuYXV0aC5iYWNrZW5kcy5Nb2RlbEJhY2tlbmQiLCJfYXV0aF91c2VyX2hhc2giOiJhZTdkNmZhMjhmZmRkNGE2OTBlMDRhNjdhOTc2NDk4NzYyMTlmMDE1In0=", "expire_date": "2017-12-19T02:29:43.087Z"}}, {"model": "sessions.session", "pk": "aevglwmoe1y28m2nsnqltf4h5ktqsw08", "fields": {"session_data": "NmZmMzNhZTcwN2JkMjA0MDUxODg1NGQxMjRjZmM2YmMxZDEwNGU4Mzp7InNlc3Npb25fa2V5IjoxMjN9", "expire_date": "2017-12-30T08:28:59.728Z"}}, {"model": "sessions.session", "pk": "aff8k43u9i6dzgonmnt3fo72efvnnt64", "fields": {"session_data": "MDU1ZGY1NjMwZmVlNTNlNDA1YmY0YzYxZmZhMWIzMGRmMmQxOWZhYTp7fQ==", "expire_date": "2017-11-10T20:55:51.443Z"}}, {"model": "sessions.session", "pk": "cf1uve2chnxm5hdpvbdzhvlq973wywzv", "fields": {"session_data": "NmZmMzNhZTcwN2JkMjA0MDUxODg1NGQxMjRjZmM2YmMxZDEwNGU4Mzp7InNlc3Npb25fa2V5IjoxMjN9", "expire_date": "2017-12-05T00:34:26.438Z"}}, {"model": "sessions.session", "pk": "dlcyy8g2i9k535a9qrx35msadkqohlhi", "fields": {"session_data": "NmZmMzNhZTcwN2JkMjA0MDUxODg1NGQxMjRjZmM2YmMxZDEwNGU4Mzp7InNlc3Npb25fa2V5IjoxMjN9", "expire_date": "2018-01-05T18:53:49.897Z"}}, {"model": "sessions.session", "pk": "eb6qlhpi351s2u7yvujq855pqrwasi1w", "fields": {"session_data": "MTVkMWVkZTNjZjJlMWE3NDIyYTVmNDllYWRjNGM0YmRmMTg0NTIxNjp7Il9hdXRoX3VzZXJfaWQiOiIxIiwiX2F1dGhfdXNlcl9iYWNrZW5kIjoiZGphbmdvLmNvbnRyaWIuYXV0aC5iYWNrZW5kcy5Nb2RlbEJhY2tlbmQiLCJfYXV0aF91c2VyX2hhc2giOiJlODAxYzgyZjlhZGY2YzljMTU4ZjYxMzA5NWM3ZWJhYTc0YzBmZTI1In0=", "expire_date": "2017-10-06T19:48:29.573Z"}}, {"model": "sessions.session", "pk": "gw9eobvrl5yy1cnxmnxwmw8jzaigop7b", "fields": {"session_data": "MTVkMWVkZTNjZjJlMWE3NDIyYTVmNDllYWRjNGM0YmRmMTg0NTIxNjp7Il9hdXRoX3VzZXJfaWQiOiIxIiwiX2F1dGhfdXNlcl9iYWNrZW5kIjoiZGphbmdvLmNvbnRyaWIuYXV0aC5iYWNrZW5kcy5Nb2RlbEJhY2tlbmQiLCJfYXV0aF91c2VyX2hhc2giOiJlODAxYzgyZjlhZGY2YzljMTU4ZjYxMzA5NWM3ZWJhYTc0YzBmZTI1In0=", "expire_date": "2017-10-15T15:09:55.974Z"}}, {"model": "sessions.session", "pk": "h7yo3fcxpoh45t3k4ljjv52t21gwnhg9", "fields": {"session_data": "NmZmMzNhZTcwN2JkMjA0MDUxODg1NGQxMjRjZmM2YmMxZDEwNGU4Mzp7InNlc3Npb25fa2V5IjoxMjN9", "expire_date": "2017-11-16T22:42:46.185Z"}}, {"model": "sessions.session", "pk": "htitk9hvpu9b9w3lwyiry43dizdw8f25", "fields": {"session_data": "MTVkMWVkZTNjZjJlMWE3NDIyYTVmNDllYWRjNGM0YmRmMTg0NTIxNjp7Il9hdXRoX3VzZXJfaWQiOiIxIiwiX2F1dGhfdXNlcl9iYWNrZW5kIjoiZGphbmdvLmNvbnRyaWIuYXV0aC5iYWNrZW5kcy5Nb2RlbEJhY2tlbmQiLCJfYXV0aF91c2VyX2hhc2giOiJlODAxYzgyZjlhZGY2YzljMTU4ZjYxMzA5NWM3ZWJhYTc0YzBmZTI1In0=", "expire_date": "2017-10-27T20:12:27.234Z"}}, {"model": "sessions.session", "pk": "iq8sp0yynjvwho0gn7mr8236egg99aj9", "fields": {"session_data": "MTVkMWVkZTNjZjJlMWE3NDIyYTVmNDllYWRjNGM0YmRmMTg0NTIxNjp7Il9hdXRoX3VzZXJfaWQiOiIxIiwiX2F1dGhfdXNlcl9iYWNrZW5kIjoiZGphbmdvLmNvbnRyaWIuYXV0aC5iYWNrZW5kcy5Nb2RlbEJhY2tlbmQiLCJfYXV0aF91c2VyX2hhc2giOiJlODAxYzgyZjlhZGY2YzljMTU4ZjYxMzA5NWM3ZWJhYTc0YzBmZTI1In0=", "expire_date": "2017-10-06T19:59:24.180Z"}}, {"model": "sessions.session", "pk": "jx22xeu4q835iai5fe1t4m3o5z39b3zt", "fields": {"session_data": "Zjc4YWZjZDFlMzA4MTI5NmQ1ZGFiZDhkYzExNmUxMGJmM2EzYTA1ZTp7InNlc3Npb25fa2V5IjoxMjMsIl9hdXRoX3VzZXJfaWQiOiI0IiwiX2F1dGhfdXNlcl9iYWNrZW5kIjoiZGphbmdvLmNvbnRyaWIuYXV0aC5iYWNrZW5kcy5Nb2RlbEJhY2tlbmQiLCJfYXV0aF91c2VyX2hhc2giOiJhZTdkNmZhMjhmZmRkNGE2OTBlMDRhNjdhOTc2NDk4NzYyMTlmMDE1In0=", "expire_date": "2017-11-18T02:07:48.827Z"}}, {"model": "sessions.session", "pk": "kxet76oo0l9stfgsvw5b3pspar2ihdxs", "fields": {"session_data": "MzlmZmM5OWIzZTYxMjg4M2EzN2Q0MDBiYzU5MjIzYzhkOTgwNDZmZDp7Il9hdXRoX3VzZXJfaWQiOiI0IiwiX2F1dGhfdXNlcl9iYWNrZW5kIjoiZGphbmdvLmNvbnRyaWIuYXV0aC5iYWNrZW5kcy5Nb2RlbEJhY2tlbmQiLCJfYXV0aF91c2VyX2hhc2giOiJhZTdkNmZhMjhmZmRkNGE2OTBlMDRhNjdhOTc2NDk4NzYyMTlmMDE1In0=", "expire_date": "2017-11-11T16:06:51.102Z"}}, {"model": "sessions.session", "pk": "pud8ibslyfii397i5kqbsc9rcixuk620", "fields": {"session_data": "MTVkMWVkZTNjZjJlMWE3NDIyYTVmNDllYWRjNGM0YmRmMTg0NTIxNjp7Il9hdXRoX3VzZXJfaWQiOiIxIiwiX2F1dGhfdXNlcl9iYWNrZW5kIjoiZGphbmdvLmNvbnRyaWIuYXV0aC5iYWNrZW5kcy5Nb2RlbEJhY2tlbmQiLCJfYXV0aF91c2VyX2hhc2giOiJlODAxYzgyZjlhZGY2YzljMTU4ZjYxMzA5NWM3ZWJhYTc0YzBmZTI1In0=", "expire_date": "2017-11-09T13:50:37.622Z"}}, {"model": "sessions.session", "pk": "q2t4gfbd78c1y9zicysazpzdfejhqmom", "fields": {"session_data": "Zjc4YWZjZDFlMzA4MTI5NmQ1ZGFiZDhkYzExNmUxMGJmM2EzYTA1ZTp7InNlc3Npb25fa2V5IjoxMjMsIl9hdXRoX3VzZXJfaWQiOiI0IiwiX2F1dGhfdXNlcl9iYWNrZW5kIjoiZGphbmdvLmNvbnRyaWIuYXV0aC5iYWNrZW5kcy5Nb2RlbEJhY2tlbmQiLCJfYXV0aF91c2VyX2hhc2giOiJhZTdkNmZhMjhmZmRkNGE2OTBlMDRhNjdhOTc2NDk4NzYyMTlmMDE1In0=", "expire_date": "2017-11-28T11:24:37.209Z"}}, {"model": "sessions.session", "pk": "r0qzdsepikqk7zyic1xzprti1b7y5kl6", "fields": {"session_data": "Zjc4YWZjZDFlMzA4MTI5NmQ1ZGFiZDhkYzExNmUxMGJmM2EzYTA1ZTp7InNlc3Npb25fa2V5IjoxMjMsIl9hdXRoX3VzZXJfaWQiOiI0IiwiX2F1dGhfdXNlcl9iYWNrZW5kIjoiZGphbmdvLmNvbnRyaWIuYXV0aC5iYWNrZW5kcy5Nb2RlbEJhY2tlbmQiLCJfYXV0aF91c2VyX2hhc2giOiJhZTdkNmZhMjhmZmRkNGE2OTBlMDRhNjdhOTc2NDk4NzYyMTlmMDE1In0=", "expire_date": "2017-12-31T20:36:47.603Z"}}, {"model": "sessions.session", "pk": "s75bhlkezl4p3an1yrs2bnkklqtm5kv0", "fields": {"session_data": "NmZmMzNhZTcwN2JkMjA0MDUxODg1NGQxMjRjZmM2YmMxZDEwNGU4Mzp7InNlc3Npb25fa2V5IjoxMjN9", "expire_date": "2017-12-05T09:40:15.574Z"}}, {"model": "sites.site", "pk": 1, "fields": {"domain": "example.com", "name": "example.com"}}, {"model": "landing.subscriber", "pk": 40, "fields": {"email": "bullat2015@mai.comnet", "name": "\u0411\u0443\u043b\u0430\u0442\u0424\u0430\u0440\u0438\u0434\u043e\u0432\u0438\u0447"}}, {"model": "landing.subscriber", "pk": 41, "fields": {"email": "kamp@email.com", "name": "Kamp"}}, {"model": "products.productcategory", "pk": 1, "fields": {"name": "\u0420\u0430\u0437\u0440\u0430\u0431\u043e\u0442\u043a\u0430 (development)", "is_active": true}}, {"model": "products.productcategory", "pk": 2, "fields": {"name": "\u041e\u043f\u0442\u0438\u043c\u0438\u0437\u0430\u0446\u0438\u044f \u0438 \u0440\u0435\u043a\u043b\u0430\u043c\u0430", "is_active": true}}, {"model": "products.product", "pk": 1, "fields": {"name": "\u0421\u0430\u0439\u0442 - \u0432\u0438\u0437\u0438\u0442\u043a\u0430", "price": "15000.06", "discount": 0, "category": 1, "short_description": "\u0421\u0430\u0439\u0442 \u0441 \u0444\u043e\u0442\u043e\u0433\u0440\u0430\u0444\u0438\u044f\u043c\u0438 \u0438  \u043a\u043e\u043d\u0442\u0430\u043a\u0442\u0430\u043c\u0438 \u0432\u043b\u0430\u0434\u0435\u043b\u044c\u0446\u0430", "description": "\u0421\u0430\u0439\u0442 - \u0432\u0438\u0437\u0438\u0442\u043a\u0430 \u0438\u043b\u0438 website - \u0443\u0441\u043b\u043e\u0432\u043d\u043e \u044d\u0442\u043e \"\u043e\u0431\u043b\u0430\u0441\u0442\u044c \u0432 \u0438\u043d\u0442\u0435\u0440\u043d\u0435\u0442\u0435\", \u0432 \u043a\u043e\u0442\u043e\u0440\u043e\u043c \u043e\u0442\u043e\u0431\u0440\u0430\u0436\u0435\u043d\u0430 \u0441\u0430\u043c\u0430\u044f \u043e\u0441\u043d\u043e\u0432\u043d\u0430\u044f \u0438\u043d\u0444\u043e\u0440\u043c\u0430\u0446\u0438\u044f \u043e \u0412\u0430\u0448\u0435\u0439 \u0434\u0435\u044f\u0442\u0435\u043b\u044c\u043d\u043e\u0441\u0442\u0438. \u0412 \u0431\u043e\u043b\u044c\u0448\u0438\u043d\u0441\u0442\u0432\u0435 \u0441\u043b\u0443\u0447\u0430\u0435\u0432 \u043f\u043e\u0434\u0445\u043e\u0434\u0438\u0442 \u0434\u043b\u044f \u043c\u0435\u0434\u0438\u0439\u043d\u044b\u0445 \u043f\u0435\u0440\u0441\u043e\u043d, \u0440\u0435\u043a\u043b\u0430\u043c\u044b \u0442\u043e\u0432\u0430\u0440\u043e\u0432 \u0438 \u0442\u0430\u043a \u0434\u0430\u043b\u0435\u0435. \u0414\u043b\u044f \u043f\u0440\u0438\u043c\u0435\u0440\u0430 \u0432\u043e\u0437\u044c\u043c\u0435\u043c \u0441\u0430\u0439\u0442 \u043d\u0430\u0448\u0435\u0433\u043e \u043c\u0430\u0433\u0430\u0437\u0438\u043d\u0430 GoldTeam.us \u0413\u043b\u0430\u0432\u043d\u0430\u044f \u0441\u0442\u0440\u0430\u043d\u0438\u0446\u0430 \u043f\u043e\u0440\u0442\u0430\u043b\u0430 \u0434\u043e\u0441\u0442\u0430\u0442\u043e\u0447\u043d\u043e \u043c\u0438\u043d\u0438\u043c\u0430\u043b\u0438\u0441\u0442\u0438\u0447\u043d\u0430, \u0447\u0442\u043e \u0443\u043a\u043b\u0430\u0434\u044b\u0432\u0430\u0435\u0442\u0441\u044f \u0432 \u0441\u0435\u0433\u043e\u0434\u043d\u044f\u0448\u043d\u0438\u0435 \u0442\u0440\u0435\u043d\u0434\u044b \u0438\u043d\u0442\u0435\u0440\u043d\u0435\u0442 \u043c\u0430\u0440\u043a\u0435\u0442\u0438\u043d\u0433\u0430. \u0418\u0437 \u043a\u043e\u043d\u0442\u0430\u043a\u0442\u043d\u044b\u0445 \u0434\u0430\u043d\u043d\u044b\u0445 \u043c\u044b \u0440\u0430\u0437\u043c\u0435\u0441\u0442\u0438\u043b\u0438 \u0441\u0441\u044b\u043b\u043a\u0443 \u0432 \u0433\u0440\u0443\u043f\u043f\u0443 \u0412\u041a \u0438 \u0443\u043a\u0430\u0437\u0430\u043b\u0438 \u043d\u043e\u043c\u0435\u0440 \u0442\u0435\u043b\u0435\u0444\u043e\u043d\u0430. \u0415\u0441\u043b\u0438 \u0412\u044b - \u0432\u043b\u0430\u0434\u0435\u043b\u0435\u0446 \u0431\u0438\u0437\u043d\u0435\u0441\u0430, \u0442\u043e \u043e\u0441\u043d\u043e\u0432\u043d\u043e\u0439 \u0446\u0435\u043b\u044c\u044e \u0441\u043e\u0437\u0434\u0430\u043d\u0438\u044f \u0438\u043d\u0442\u0435\u0440\u043d\u0435\u0442-\u0441\u0442\u0440\u0430\u043d\u0438\u0446\u044b \u0431\u0443\u0434\u0435\u0442 \u044f\u0432\u043b\u044f\u0442\u044c\u0441\u044f \u0436\u0435\u043b\u0430\u043d\u0438\u0435 \u043e\u0437\u043d\u0430\u043a\u043e\u043c\u0438\u0442\u044c \u043f\u043e\u0442\u0435\u043d\u0446\u0438\u0430\u043b\u044c\u043d\u043e\u0433\u043e \u043a\u043b\u0438\u0435\u043d\u0442\u0430 \u0438\u043b\u0438 \u043f\u0430\u0440\u0442\u043d\u0435\u0440\u0430 \u0441 \u0443\u0441\u043b\u0443\u0433\u0430\u043c\u0438 \u043a\u043e\u043c\u043f\u0430\u043d\u0438\u0438. \u041d\u0443 \u0430 \u0435\u0441\u043b\u0438 \u0412\u044b \u043c\u0435\u0434\u0438\u0439\u043d\u0430\u044f \u043f\u0435\u0440\u0441\u043e\u043d\u0430 \u0438\u043b\u0438 \u0438\u0437\u0432\u0435\u0441\u0442\u043d\u0430\u044f \u043b\u0438\u0447\u043d\u043e\u0441\u0442\u044c, \u0446\u0435\u043b\u044c\u044e \u0441\u043e\u0437\u0434\u0430\u043d\u0438\u044f \u0441\u0430\u0439\u0442\u0430 \u0431\u0443\u0434\u0435\u0442 \u0436\u0435\u043b\u0430\u043d\u0438\u0435 \u0431\u044b\u0442\u044c \u043d\u0430 \u0441\u0432\u044f\u0437\u0438 \u0441 \u043f\u043e\u043a\u043b\u043e\u043d\u043d\u0438\u043a\u0430\u043c\u0438 \u0432\u0430\u0448\u0435\u0433\u043e \u0442\u0432\u043e\u0440\u0447\u0435\u0441\u0442\u0432\u0430, \u0440\u0430\u0441\u0441\u043a\u0430\u0437\u0430\u0442\u044c \u043e \u043f\u043e\u0441\u043b\u0435\u0434\u043d\u0438\u0445 \u043d\u043e\u0432\u043e\u0441\u0442\u044f\u0445 \u0438\u0437 \u043f\u0435\u0440\u0432\u044b\u0445 \u0443\u0441\u0442 \u0438 \u0442\u0434. \u0412\u0430\u0436\u043d\u043e\u0441\u0442\u044c \u0441\u043e\u0437\u0434\u0430\u043d\u0438\u044f \u043a\u0430\u0447\u0435\u0441\u0442\u0432\u0435\u043d\u043d\u043e\u0439 \u043e\u043d\u043b\u0430\u0439\u043d \u043f\u043b\u043e\u0449\u0430\u0434\u043a\u0438, \u0430 \u0438\u043c\u0435\u043d\u043d\u043e \u043f\u043b\u043e\u0449\u0430\u0434\u043a\u0438 \u0438 \u0443\u043a\u0440\u043e\u043c\u043d\u043e\u0433\u043e \u0443\u0433\u043e\u043b\u043a\u0430 \u0434\u043b\u044f \u0412\u0430\u0448\u0435\u0433\u043e \u0431\u0438\u0437\u043d\u0435\u0441\u0430 \u0438\u043b\u0438 \u0434\u043b\u044f \u043f\u043e\u043a\u043b\u043e\u043d\u043d\u0438\u043a\u043e\u0432 \u0412\u0430\u0448\u0435\u0433\u043e \u0442\u0432\u043e\u0440\u0447\u0435\u0441\u0442\u0432\u0430, \u043d\u0435\u043e\u0446\u0435\u043d\u0438\u043c\u0430. \u041d\u0435\u043a\u043e\u0442\u043e\u0440\u044b\u0435 \u043c\u043e\u0433\u0443\u0442 \u043d\u0430 \u044d\u0442\u043e \u0432\u043e\u0437\u0440\u0430\u0437\u0438\u0442\u044c, \u0447\u0442\u043e \u0431\u0443\u0434\u0435\u0442 \u0434\u043e\u0441\u0442\u0430\u0442\u043e\u0447\u043d\u043e \u043f\u0440\u0438\u0441\u0443\u0442\u0441\u0442\u0432\u043e\u0432\u0430\u0442\u044c \u0432 \u0412\u041a \u0438\u043b\u0438 Instagram \u0417\u0434\u0435\u0441\u044c \u043c\u044b \u043d\u0435 \u0431\u0443\u0434\u0435\u043c \u0441\u043f\u043e\u0440\u0438\u0442\u044c, \u0432\u0435\u0434\u044c \u0432\u0441\u0435 \u0437\u0430\u0432\u0438\u0441\u0438\u0442 \u043e\u0442 \u0441\u043f\u0435\u0446\u0438\u0444\u0438\u043a\u0438 \u0432\u0430\u0448\u0435\u0439 \u0434\u0435\u044f\u0442\u0435\u043b\u044c\u043d\u043e\u0441\u0442\u0438, \u043e\u0442 \u0431\u0438\u0437\u043d\u0435\u0441 \u043f\u043b\u0430\u043d\u043e\u0432, \u0433\u0440\u0430\u0444\u0438\u043a\u043e\u0432 \u0438 \u0434\u0440\u0443\u0433\u0438\u0445 \u043d\u0435\u043e\u0441\u044f\u0437\u0430\u0435\u043c\u044b\u0445, \u043d\u043e \u0432\u043f\u043e\u043b\u043d\u0435 \u0440\u0435\u0430\u043b\u044c\u043d\u044b\u0445 \u0441\u0443\u0431\u0441\u0442\u0430\u043d\u0446\u0438\u0439. \u041f\u043e\u0441\u043a\u043e\u043b\u044c\u043a\u0443 \u0441\u0430\u0439\u0442-\u0432\u0438\u0437\u0438\u0442\u043a\u0430, \u043d\u0435 \u044f\u0432\u043b\u044f\u0435\u0442\u0441\u044f \u043f\u043e\u043b\u043d\u043e\u0446\u0435\u043d\u043d\u044b\u043c \u0438\u043d\u0442\u0435\u0440\u043d\u0435\u0442 \u043f\u043e\u0440\u0442\u0430\u043b\u043e\u043c, \u043d\u043e \u0431\u0443\u0434\u0435\u0442 \u0441\u043e\u0434\u0435\u0440\u0436\u0430\u0442\u044c \u0441\u0430\u043c\u0443\u044e \u043d\u0435\u043e\u0431\u0445\u043e\u0434\u0438\u043c\u0443\u044e \u0438\u043d\u0444\u043e\u0440\u043c\u0430\u0446\u0438\u044e, \u043e\u0447\u0435\u043d\u044c \u0432\u0430\u0436\u043d\u043e \u043e\u0431\u0440\u0430\u0442\u0438\u0442\u044c \u043f\u0440\u0438\u0441\u0442\u0430\u043b\u044c\u043d\u043e\u0435 \u0432\u043d\u0438\u043c\u0430\u043d\u0438\u0435 \u043d\u0430 \u043a\u0430\u0447\u0435\u0441\u0442\u0432\u043e \u043a\u043e\u043d\u0442\u0435\u043d\u0442\u0430 \u0438 \u0434\u0438\u0437\u0430\u0439\u043d\u0430. \u0415\u0441\u043b\u0438 \u0432\u0430\u043c \u0432\u0430\u0436\u043d\u0430 \u043e\u0431\u0440\u0430\u0442\u043d\u0430\u044f \u0441\u0432\u044f\u0437\u044c \u0441 \u043a\u043b\u0438\u0435\u043d\u0442\u043e\u043c, \u0432\u043e\u0437\u043c\u043e\u0436\u043d\u043e \u043d\u0430\u0434\u043e \u0434\u043e\u0431\u0430\u0432\u0438\u0442\u044c \u0444\u043e\u0440\u043c\u0443 \u043e\u0431\u0440\u0430\u0442\u043d\u043e\u0439 \u0441\u0432\u044f\u0437\u0438. \u0423\u0441\u043b\u043e\u0432\u043d\u043e, \u044d\u0442\u043e \u0431\u043b\u043e\u043a, \u0433\u0434\u0435 \u043f\u043e\u0441\u0435\u0442\u0438\u0442\u0435\u043b\u0438 \u0441\u0430\u0439\u0442\u0430 \u0431\u0443\u0434\u0443\u0442 \u043e\u0441\u0442\u0430\u0432\u043b\u044f\u0442\u044c \u0441\u0432\u043e\u0438 \u043d\u043e\u043c\u0435\u0440\u0430 \u0442\u0435\u043b\u0435\u0444\u043e\u043d\u043e\u0432 \u0438 \u0434\u0440\u0443\u0433\u0443\u044e \u0438\u043d\u0444\u043e\u0440\u043c\u0430\u0446\u0438\u044e. \u0421\u0430\u043c\u044b\u0439 \u043b\u0443\u0447\u0448\u0438\u0439 \u0441\u0430\u0439\u0442 - \u0432\u0438\u0437\u0438\u0442\u043a\u0430 \u2013 \u044d\u0442\u043e \u043f\u043e\u043d\u044f\u0442\u043d\u044b\u0439, \u0438\u043d\u0444\u043e\u0440\u043c\u0430\u0442\u0438\u0432\u043d\u044b\u0439, \u043a\u0440\u0430\u0441\u0438\u0432\u044b\u0439 \u0438 \u0430\u0434\u0430\u043f\u0442\u0438\u0432\u043d\u044b\u0439 \u0441\u0430\u0439\u0442. \u0411\u043e\u043b\u0435\u0435 \u043f\u043e\u0434\u0440\u043e\u0431\u043d\u0443\u044e \u0438\u043d\u0444\u043e\u0440\u043c\u0430\u0446\u0438\u044e \u0412\u044b \u043c\u043e\u0436\u0435\u0442\u0435 \u043f\u043e\u043b\u0443\u0447\u0438\u0442\u044c \u043f\u043e\u0437\u0432\u043e\u043d\u0438\u0432 \u043d\u0430\u043c \u043f\u043e \u0442\u0435\u043b\u0435\u0444\u043e\u043d\u0443 +79375257733 \u0438\u043b\u0438 \u0432 \u0412\u041a \u0433\u0440\u0443\u043f\u043f\u0435 https://vk.com/goldteamus\r\n\u041f\u0440\u0438 \u0438\u0441\u043f\u043e\u043b\u044c\u0437\u043e\u0432\u0430\u043d\u0438\u0438 \u043c\u0430\u0442\u0435\u0440\u0438\u0430\u043b\u043e\u0432 \u0441\u0430\u0439\u0442\u0430 GoldTeam.us, \u0441\u0441\u044b\u043b\u043a\u0430 \u043e\u0431\u044f\u0437\u0430\u0442\u0435\u043b\u044c\u043d\u0430!", "is_active": true, "created": "2017-10-01T19:45:27.914Z", "updated": "2017-12-17T21:14:11.962Z"}}, {"model": "products.product", "pk": 2, "fields": {"name": "\u0414\u0438\u0437\u0430\u0439\u043d \u0441\u0430\u0439\u0442\u0430", "price": "4990.00", "discount": 0, "category": 1, "short_description": "\u041f\u0440\u043e\u0444\u0435\u0441\u0441\u0438\u043e\u043d\u0430\u043b\u044c\u043d\u044b\u0439 \u0434\u0438\u0437\u0430\u0439\u043d \u0441\u0430\u0439\u0442\u0430 \u043e\u0442 GoldTeam Studio", "description": "\u0411\u0440\u0438\u0442\u0430\u043d\u0441\u043a\u0438\u0435 \u0443\u0447\u0435\u043d\u044b\u0435 \u0434\u043e\u043a\u0430\u0437\u0430\u043b\u0438..\u041f\u0440\u0438\u043c\u0435\u0440\u043d\u043e \u0442\u0430\u043a \u043c\u043e\u0433 \u0431\u044b \u043d\u0430\u0447\u0438\u043d\u0430\u0442\u044c\u0441\u044f \u044d\u0442\u043e\u0442 \u043f\u043e\u0441\u0442, \u043d\u043e \u0442\u0430\u043a \u043a\u0430\u043a \u0432\u0441\u0435 \u0443\u0436\u0435 \u0434\u043e\u043a\u0430\u0437\u0430\u043d\u043e, \u043c\u044b \u0431\u0443\u0434\u0435\u043c \u0433\u043e\u0432\u043e\u0440\u0438\u0442\u044c \u043e \u0432\u0435\u0449\u0430\u0445 \u043e\u0447\u0435\u0432\u0438\u0434\u043d\u044b\u0445, \u043d\u043e \u043e\u0447\u0435\u043d\u044c \u0432\u0430\u0436\u043d\u044b\u0445. \u0412 \u044d\u043f\u043e\u0445\u0443 \u043a\u043e\u0433\u0434\u0430 \u0438\u043d\u0442\u0435\u0440\u043d\u0435\u0442 \u043f\u043e\u043b\u043d\u0438\u0442\u0441\u044f \u0438\u043d\u0444\u043e\u0440\u043c\u0430\u0446\u0438\u0435\u0439, \u0435\u0433\u043e \u043f\u043e\u0434\u0430\u0447\u0430 \u0438 \u043a\u0440\u0430\u0441\u0438\u0432\u043e\u0435 \u043e\u0444\u043e\u0440\u043c\u043b\u0435\u043d\u0438\u0435 \u043e\u0431\u0440\u0435\u0442\u0430\u0435\u0442 \u0441\u0430\u043a\u0440\u0430\u043b\u044c\u043d\u044b\u0439 \u0441\u043c\u044b\u0441\u043b. \u0418\u0441\u0441\u043b\u0435\u0434\u043e\u0432\u0430\u043d\u0438\u044f \u043f\u043e\u043a\u0443\u043f\u0430\u0442\u0435\u043b\u044c\u0441\u043a\u043e\u0439 \u0430\u043a\u0442\u0438\u0432\u043d\u043e\u0441\u0442\u0438 \u0438\u043b\u0438 \u0430\u043a\u0442\u0438\u0432\u043d\u043e\u0441\u0442\u0438 \u043f\u043e\u0441\u0435\u0442\u0438\u0442\u0435\u043b\u044f \u043d\u0430 \u0441\u0430\u0439\u0442\u0435 \u043d\u0430\u043f\u0440\u044f\u043c\u0443\u044e \u0437\u0430\u0432\u0438\u0441\u0438\u0442 \u043e\u0442 \u043a\u0430\u0447\u0435\u0441\u0442\u0432\u0435\u043d\u043d\u043e\u0433\u043e \u0434\u0438\u0437\u0430\u0439\u043d\u0430 \u0435\u0433\u043e \u044d\u043b\u0435\u043c\u0435\u043d\u0442\u043e\u0432(\u043a\u043d\u043e\u043f\u043a\u0438, \u0431\u043b\u043e\u043a\u0438, \u043b\u0438\u043d\u0438\u0438, \u043e\u0431\u0449\u0438\u0439 \u0434\u0438\u0437\u0430\u0439\u043d). \u0423\u0436\u0435 \u0434\u043e\u043a\u0430\u0437\u0430\u043d\u043e, \u0447\u0442\u043e \u0434\u0430\u0436\u0435 \u0441\u0434\u0432\u0438\u0433 \u043a\u0430\u043a\u043e\u0433\u043e-\u043b\u0438\u0431\u043e \u044d\u043b\u0435\u043c\u0435\u043d\u0442\u0430 \u0432\u0435\u0431 \u0441\u0442\u0440\u0430\u043d\u0438\u0446\u044b \u043d\u0430 \u043f\u0430\u0440\u0443 \u0441\u0430\u043d\u0442\u0438\u043c\u0435\u0442\u0440\u043e\u0432, \u043c\u043e\u0436\u0435\u0442 \u043f\u043e\u043b\u043e\u0436\u0438\u0442\u0435\u043b\u044c\u043d\u043e \u0438\u043b\u0438 \u043e\u0442\u0440\u0438\u0446\u0430\u0442\u0435\u043b\u044c\u043d\u043e \u043f\u043e\u0432\u043b\u0438\u044f\u0442\u044c \u043d\u0430 \u0430\u043a\u0442\u0438\u0432\u043d\u043e\u0441\u0442\u044c \u043f\u043e\u0441\u0435\u0442\u0438\u0442\u0435\u043b\u044f. Goldteam.us \u0440\u0430\u0437\u0440\u0430\u0431\u043e\u0442\u0430\u0435\u0442 \u0434\u043b\u044f \u0412\u0430\u0441 \u043e\u0442\u043b\u0438\u0447\u043d\u044b\u0439 \u0434\u0438\u0437\u0430\u0439\u043d, \u043a\u043e\u0442\u043e\u0440\u044b\u0439 \u0431\u0443\u0434\u0435\u0442 \u043f\u0440\u0438\u044f\u0442\u0435\u043d \u0438 \u043d\u0435 \u043d\u0430\u0432\u044f\u0437\u0447\u0438\u0432. \u0415\u0441\u043b\u0438 \u0436\u0435 \u0412\u0430\u043c \u043d\u0435\u043e\u0431\u0445\u043e\u0434\u0438\u043c\u043e \u0441\u0434\u0435\u043b\u0430\u0442\u044c \u043c\u043e\u0434\u0438\u0444\u0438\u043a\u0430\u0446\u0438\u044e \u0441\u0443\u0449\u0435\u0441\u0442\u0432\u0443\u044e\u0449\u0435\u0433\u043e \u0434\u0438\u0437\u0430\u0439\u043d\u0430 (\u0440\u0435\u0434\u0438\u0437\u0430\u0439\u043d), \u043c\u044b \u0441\u043c\u043e\u0436\u0435\u043c \u043f\u0440\u0435\u0434\u043b\u043e\u0436\u0438\u0442\u044c \u0434\u043b\u044f \u0412\u0430\u0441 \u0438\u043d\u0442\u0435\u0440\u0435\u0441\u043d\u044b\u0435 \u0440\u0435\u0448\u0435\u043d\u0438\u044f. \u0411\u043e\u043b\u0435\u0435 \u043f\u043e\u0434\u0440\u043e\u0431\u043d\u0443\u044e \u0438\u043d\u0444\u043e\u0440\u043c\u0430\u0446\u0438\u044e \u0412\u044b \u043c\u043e\u0436\u0435\u0442\u0435 \u043f\u043e\u043b\u0443\u0447\u0438\u0442\u044c \u043f\u043e\u0437\u0432\u043e\u043d\u0438\u0432 \u043d\u0430\u043c \u043f\u043e \u0442\u0435\u043b\u0435\u0444\u043e\u043d\u0443 +79375257733 \u0438\u043b\u0438 \u0432 \u0412\u041a \u0433\u0440\u0443\u043f\u043f\u0435 https://vk.com/goldteamus\r\n\u041f\u0440\u0438 \u0438\u0441\u043f\u043e\u043b\u044c\u0437\u043e\u0432\u0430\u043d\u0438\u0438 \u043c\u0430\u0442\u0435\u0440\u0438\u0430\u043b\u043e\u0432 \u0441\u0430\u0439\u0442\u0430 GoldTeam.us, \u0441\u0441\u044b\u043b\u043a\u0430 \u043e\u0431\u044f\u0437\u0430\u0442\u0435\u043b\u044c\u043d\u0430!", "is_active": true, "created": "2017-10-08T20:06:32.313Z", "updated": "2017-12-14T21:28:49.948Z"}}, {"model": "products.product", "pk": 3, "fields": {"name": "\u041b\u043e\u0433\u043e\u0442\u0438\u043f, \u0431\u0440\u0435\u043d\u0434", "price": "3500.00", "discount": 0, "category": 1, "short_description": "\u0421\u043e\u0437\u0434\u0430\u0435\u043c \u0444\u0438\u0440\u043c\u0435\u043d\u043d\u044b\u0439 \u0441\u0442\u0438\u043b\u044c \u0434\u043b\u044f \u0412\u0430\u0441", "description": "\u041b\u043e\u0433\u043e\u0442\u0438\u043f \u0434\u043e\u043b\u0436\u0435\u043d \u043f\u043e\u043c\u043e\u0447\u044c \u0432\u0430\u0448\u0435\u043c\u0443 \u0431\u0438\u0437\u043d\u0435\u0441\u0443 \u0432\u044b\u0440\u0430\u0441\u0442\u0438 \u0432 \u0433\u043b\u0430\u0437\u0430\u0445 \u043f\u043e\u0442\u0440\u0435\u0431\u0438\u0442\u0435\u043b\u044f. \u0418 \u043f\u043e\u044d\u0442\u043e\u043c\u0443 \u043a \u0435\u0433\u043e \u0440\u0430\u0437\u0440\u0430\u0431\u043e\u0442\u043a\u0435 \u043d\u0430\u0434\u043e \u043f\u043e\u0434\u043e\u0439\u0442\u0438 \u043e\u0447\u0435\u043d\u044c \u043e\u0442\u0432\u0435\u0442\u0441\u0442\u0432\u0435\u043d\u043d\u043e. \u0421\u0443\u0449\u0435\u0441\u0442\u0432\u0443\u0435\u0442 \u043c\u043d\u043e\u0433\u043e \u043a\u043e\u043c\u043f\u0430\u043d\u0438\u0439, \u0443\u0432\u0438\u0434\u0435\u0432 \u043b\u043e\u0433\u043e\u0442\u0438\u043f\u044b \u043a\u043e\u0442\u043e\u0440\u044b\u0445, \u0432\u044b \u0438\u0445 \u0441\u0440\u0430\u0437\u0443 \u0443\u0437\u043d\u0430\u0435\u0442\u0435 - KFC, McDonald's, Coca-Cola, \u041c\u0422\u0421, \u0410\u043b\u044c\u0444\u0430-\u0411\u0430\u043d\u043a, Dolce&Gabbana, Chanel \u0438 \u0434\u0440. \u041a\u043e\u043d\u0435\u0447\u043d\u043e, \u043d\u0435\u043b\u044c\u0437\u044f \u0433\u043e\u0432\u043e\u0440\u0438\u0442\u044c, \u0447\u0442\u043e \u043e\u043d\u0438 \u0441\u0442\u0430\u043b\u0438 \u0443\u0437\u043d\u0430\u0432\u0430\u0435\u043c\u044b \u043b\u0438\u0448\u044c \u0431\u043b\u0430\u0433\u043e\u0434\u0430\u0440\u044f \u0444\u0438\u0440\u043c\u0435\u043d\u043d\u043e\u043c\u0443 \u0441\u0442\u0438\u043b\u044e, \u043d\u043e \u0432\u043e\u0437\u043c\u043e\u0436\u043d\u043e \u0438\u0445 \u0441\u0443\u0434\u044c\u0431\u0430 \u0441\u043b\u043e\u0436\u0438\u043b\u0430\u0441\u044c \u0431\u044b \u0438\u043d\u0430\u0447\u0435. \u0421\u0435\u0433\u043e\u0434\u043d\u044f \u043f\u043e\u043d\u044f\u0442\u0438\u044f \u0431\u0440\u0435\u043d\u0434\u0430, \u043b\u043e\u0433\u043e\u0442\u0438\u043f\u0430 \u0438 \u0444\u0438\u0440\u043c\u0435\u043d\u043d\u043e\u0433\u043e \u0441\u0442\u0438\u043b\u044f \u0442\u0435\u0441\u043d\u043e \u043f\u0435\u0440\u0435\u043f\u043b\u0435\u0442\u0435\u043d\u044b, \u043d\u043e \u0443\u0441\u043f\u0435\u0445 \u0438 \u0440\u0435\u0437\u0443\u043b\u044c\u0442\u0430\u0442 \u0432\u0441\u0435\u0433\u0434\u0430 \u0434\u043e\u043b\u0436\u0435\u043d \u0431\u044b\u0442\u044c \u043e\u0434\u0438\u043d - I know it when I see it \u0438\u043b\u0438 \u0443\u0437\u043d\u0430\u044e, \u043a\u043e\u0433\u0434\u0430 \u0432\u0438\u0436\u0443. \u041d\u0430 \u0441\u0430\u043c\u043e\u043c \u0434\u0435\u043b\u0435, \u043a\u0430\u0447\u0435\u0441\u0442\u0432\u0435\u043d\u043d\u044b\u0439 \u043b\u043e\u0433\u043e\u0442\u0438\u043f \u0434\u043e\u043b\u0436\u0435\u043d \u0438\u0437\u043c\u0435\u043d\u044f\u0442\u044c \u044d\u043c\u043e\u0446\u0438\u043e\u043d\u0430\u043b\u044c\u043d\u043e\u0435 \u0441\u043e\u0441\u0442\u043e\u044f\u043d\u0438\u0435 \u0447\u0435\u043b\u043e\u0432\u0435\u043a\u0430, \u0432\u044b\u0437\u044b\u0432\u0430\u0442\u044c \u0443\u0434\u0438\u0432\u043b\u0435\u043d\u0438\u0435, \u0432\u043e\u0441\u0445\u0438\u0449\u0435\u043d\u0438\u0435 \u0438 \u0436\u0435\u043b\u0430\u043d\u0438\u0435 \u043f\u043e\u043f\u0440\u043e\u0431\u043e\u0432\u0430\u0442\u044c \u044d\u0442\u043e. \u041f\u0440\u0438 \u0440\u0430\u0437\u0440\u0430\u0431\u043e\u0442\u043a\u0435 \u043b\u043e\u0433\u043e\u0442\u0438\u043f\u0430 \u043e\u0447\u0435\u043d\u044c \u0432\u0430\u0436\u043d\u043e \u043f\u0440\u0438\u0434\u0435\u0440\u0436\u0438\u0432\u0430\u0442\u044c\u0441\u044f \u043f\u043e\u0441\u0442\u0443\u043b\u0430\u0442\u043e\u0432 \u043f\u0441\u0438\u0445\u043e\u043b\u043e\u0433\u0438\u0438 \u0446\u0432\u0435\u0442\u0430, \u0441\u0438\u043c\u0432\u043e\u043b\u0438\u043a\u0438 \u0446\u0432\u0435\u0442\u0430 \u0438 \u00ab\u044f\u0437\u044b\u043a\u0430 \u043a\u0440\u0430\u0441\u043e\u043a\u00bb. \u0421\u043f\u0435\u0446\u0438\u0430\u043b\u0438\u0441\u0442\u044b GoldTeam \u0440\u0430\u0437\u0440\u0430\u0431\u043e\u0442\u0430\u044e\u0442 \u0434\u043b\u044f \u0412\u0430\u0441 \u043a\u0430\u0447\u0435\u0441\u0442\u0432\u0435\u043d\u043d\u044b\u0439 \u043b\u043e\u0433\u043e\u0442\u0438\u043f, \u0431\u0440\u0435\u043d\u0434, \u0444\u0438\u0440\u043c\u0435\u043d\u043d\u044b\u0439 \u0441\u0442\u0438\u043b\u044c. \u041f\u043e\u0437\u0432\u043e\u043d\u0438\u0442\u0435 \u043d\u0430\u043c \u043f\u043e \u0442\u0435\u043b\u0435\u0444\u043e\u043d\u0443 +79375257733 \u0438\u043b\u0438 \u043d\u0430\u043f\u0438\u0448\u0438\u0442\u0435 \u0432 \u0412\u041a \u0433\u0440\u0443\u043f\u043f\u0435 https://vk.com/goldteamus \u041f\u0440\u0438 \u0438\u0441\u043f\u043e\u043b\u044c\u0437\u043e\u0432\u0430\u043d\u0438\u0438 \u043c\u0430\u0442\u0435\u0440\u0438\u0430\u043b\u043e\u0432 \u0441\u0430\u0439\u0442\u0430 GoldTeam.us, \u0441\u0441\u044b\u043b\u043a\u0430 \u043e\u0431\u044f\u0437\u0430\u0442\u0435\u043b\u044c\u043d\u0430!", "is_active": true, "created": "2017-10-12T23:57:23.247Z", "updated": "2017-12-17T22:41:52.943Z"}}, {"model": "products.product", "pk": 4, "fields": {"name": "\u0418\u043d\u0442\u0435\u0440\u043d\u0435\u0442 - \u043c\u0430\u0433\u0430\u0437\u0438\u043d", "price": "16000.00", "discount": 0, "category": 1, "short_description": "\u0412\u0435\u0440\u0441\u0442\u043a\u0430 \u0438\u043d\u0442\u0435\u0440\u043d\u0435\u0442-\u043c\u0430\u0433\u0430\u0437\u0438\u043d\u0430 \u043d\u0430 25 \u043f\u043e\u0437\u0438\u0446\u0438\u0439", "description": "\u0418\u043d\u0442\u0435\u0440\u043d\u0435\u0442 \u043a\u043e\u043c\u043c\u0435\u0440\u0446\u0438\u044f \u0441\u0435\u0433\u043e\u0434\u043d\u044f \u043f\u0435\u0440\u0435\u0436\u0438\u0432\u0430\u0435\u0442 \u0431\u0443\u0440\u043d\u044b\u0439 \u0440\u043e\u0441\u0442 \u0438, \u043f\u043e\u0436\u0430\u043b\u0443\u0439, \u043d\u0435\u0442 \u043f\u0440\u0435\u0434\u043f\u0440\u0438\u043d\u0438\u043c\u0430\u0442\u0435\u043b\u044f, \u043a\u043e\u0442\u043e\u0440\u044b\u0439 \u0431\u044b \u043d\u0435 \u0437\u0430\u0434\u0443\u043c\u044b\u0432\u0430\u043b\u0441\u044f \u043e\u0442\u043a\u0440\u044b\u0442\u044c \u043f\u0440\u0435\u0434\u0441\u0442\u0430\u0432\u0438\u0442\u0435\u043b\u044c\u0441\u0442\u0432\u043e \u0431\u0438\u0437\u043d\u0435\u0441\u0430 \u0432 \u0441\u0435\u0442\u0438. \u0418 \u043a\u0430\u043a \u0440\u0430\u0437 \u0432 \u044d\u0442\u043e\u043c \u0441\u043b\u0443\u0447\u0430\u0435 \u0412\u044b \u043c\u043e\u0436\u0435\u0442\u0435 \u043d\u0435 \u0442\u043e\u043b\u044c\u043a\u043e \u0441\u0440\u0430\u0432\u043d\u0438\u0442\u044c \u043f\u0440\u0438\u0431\u044b\u043b\u044c\u043d\u043e\u0441\u0442\u044c \u043e\u0444\u0444\u043b\u0430\u0439\u043d \u0438 \u043e\u043d\u043b\u0430\u0439\u043d \u043f\u043b\u043e\u0449\u0430\u0434\u043e\u043a, \u043d\u043e \u0438 \u043f\u043e\u043b\u0443\u0447\u0438\u0442\u044c 100% \u0434\u043e\u043f\u043e\u043b\u043d\u0438\u0442\u0435\u043b\u044c\u043d\u044b\u0439 \u0438\u0441\u0442\u043e\u0447\u043d\u0438\u043a \u0434\u043e\u0445\u043e\u0434\u0430. \u0425\u043e\u0440\u043e\u0448\u0430\u044f \u0438\u0434\u0435\u044f \u0434\u043b\u044f \u0418\u043d\u0442\u0435\u0440\u043d\u0435\u0442-\u043c\u0430\u0433\u0430\u0437\u0438\u043d\u0430 \u043c\u043e\u0436\u0435\u0442 \u043f\u0440\u0438\u043d\u0435\u0441\u0442\u0438 \u043d\u0435 \u0442\u043e\u043b\u044c\u043a\u043e \u0445\u043e\u0440\u043e\u0448\u0443\u044e \u043f\u0440\u0438\u0431\u044b\u043b\u044c, \u043d\u043e \u0438 \u043e\u0442\u043a\u0440\u044b\u0442\u044c \u0434\u043b\u044f \u0431\u0438\u0437\u043d\u0435\u0441\u0430 \u043d\u043e\u0432\u044b\u0435 \u043f\u0435\u0440\u0441\u043f\u0435\u043a\u0442\u0438\u0432\u044b \u0440\u043e\u0441\u0442\u0430. \u0411\u043b\u0430\u0433\u043e\u0434\u0430\u0440\u044f \u043d\u043e\u0432\u044b\u043c \u043c\u0430\u0440\u043a\u0435\u0442\u0438\u043d\u0433\u043e\u0432\u044b\u043c \u0441\u0442\u0440\u0430\u0442\u0435\u0433\u0438\u044f\u043c \u0438 \u0440\u0435\u043a\u043b\u0430\u043c\u043d\u044b\u043c \u0438\u043d\u0441\u0442\u0440\u0443\u043c\u0435\u043d\u0442\u0430\u043c \u0412\u044b \u0441\u043c\u043e\u0436\u0435\u0442\u0435 \u0443\u0432\u0438\u0434\u0435\u0442\u044c \u0434\u0440\u0443\u0433\u0438\u0435 \u0433\u043e\u0440\u0438\u0437\u043e\u043d\u0442\u044b \u0440\u043e\u0441\u0442\u0430 \u0438 \u0432\u043e\u0437\u043c\u043e\u0436\u043d\u043e\u0441\u0442\u0438, \u043a\u043e\u0442\u043e\u0440\u044b\u0435 \u0441\u0442\u0430\u043d\u0443\u0442 \u0434\u043e\u0441\u0442\u0443\u043f\u043d\u044b. \u0417\u0430 \u0431\u043e\u043b\u0435\u0435 \u043f\u043e\u0434\u0440\u043e\u0431\u043d\u043e\u0439 \u0438\u043d\u0444\u043e\u0440\u043c\u0430\u0446\u0438\u044e \u0437\u0432\u043e\u043d\u0438\u0442\u0435 \u043d\u0430\u043c \u043f\u043e \u0442\u0435\u043b\u0435\u0444\u043e\u043d\u0443 +79375257733 \u0438\u043b\u0438 \u0432 \u043f\u0438\u0448\u0438\u0442\u0435 \u0432 \u0412\u041a \u0433\u0440\u0443\u043f\u043f\u0435 https://vk.com/goldteamus \u041f\u0440\u0438 \u0438\u0441\u043f\u043e\u043b\u044c\u0437\u043e\u0432\u0430\u043d\u0438\u0438 \u043c\u0430\u0442\u0435\u0440\u0438\u0430\u043b\u043e\u0432 \u0441\u0430\u0439\u0442\u0430 GoldTeam.us, \u0441\u0441\u044b\u043b\u043a\u0430 \u043e\u0431\u044f\u0437\u0430\u0442\u0435\u043b\u044c\u043d\u0430!", "is_active": true, "created": "2017-10-13T01:07:33.424Z", "updated": "2017-12-17T22:28:49.615Z"}}, {"model": "products.product", "pk": 5, "fields": {"name": "\u041e\u043f\u0442\u0438\u043c\u0438\u0437\u0430\u0446\u0438\u044f \u0441\u0430\u0439\u0442\u0430", "price": "3000.00", "discount": 0, "category": 2, "short_description": "\u041e\u043f\u0442\u0438\u043c\u0438\u0437\u0430\u0446\u0438\u044f \u0438 \u0443\u0441\u0442\u0440\u0430\u043d\u0435\u043d\u0438\u0435 \u043e\u0448\u0438\u0431\u043e\u043a \u0432 \u043a\u043e\u0434\u0435", "description": "", "is_active": true, "created": "2017-10-15T05:23:00.259Z", "updated": "2017-12-14T21:31:01.325Z"}}, {"model": "products.product", "pk": 6, "fields": {"name": "\u0420\u0435\u043a\u043b\u0430\u043c\u0430", "price": "1000.00", "discount": 0, "category": 2, "short_description": "\u041f\u0440\u043e\u0434\u0432\u0438\u0436\u0435\u043d\u0438\u0435 \u0438 \u0440\u0435\u043a\u043b\u0430\u043c\u0430 \u0432 \u043f\u043e\u0438\u0441\u043a\u043e\u0432\u0438\u043a\u0430\u0445", "description": "", "is_active": true, "created": "2017-10-15T05:28:09.707Z", "updated": "2017-12-14T21:30:48.319Z"}}, {"model": "products.product", "pk": 7, "fields": {"name": "\u041c\u0430\u0440\u043a\u0435\u0442\u0438\u043d\u0433 (SMM)", "price": "1500.00", "discount": 0, "category": 2, "short_description": "\u041c\u0430\u0440\u043a\u0435\u0442\u0438\u043d\u0433 \u0432 \u0441\u043e\u0446\u0438\u0430\u043b\u044c\u043d\u044b\u0445 \u0441\u0435\u0442\u044f\u0445", "description": "", "is_active": true, "created": "2017-10-15T05:30:03.960Z", "updated": "2017-12-14T21:30:27.620Z"}}, {"model": "products.product", "pk": 8, "fields": {"name": "\u041a\u043e\u043d\u0442\u0435\u043d\u0442", "price": "500.00", "discount": 0, "category": 2, "short_description": "\u041d\u0430\u043f\u0438\u0441\u0430\u043d\u0438\u0435 \u0443\u043d\u0438\u043a\u0430\u043b\u044c\u043d\u044b\u0445 \u0438 \u0438\u043d\u0442\u0435\u0440\u0435\u0441\u043d\u044b\u0445 \u0441\u0442\u0430\u0442\u0435\u0439", "description": "\u041a\u043e\u043d\u0442\u0435\u043d\u0442 \u2013 \u043b\u044e\u0431\u0430\u044f \u0438\u043d\u0444\u043e\u0440\u043c\u0430\u0446\u0438\u044f, \u0440\u0430\u0437\u043c\u0435\u0449\u0430\u0435\u043c\u0430\u044f \u043d\u0430 \u0441\u0430\u0439\u0442\u0435, \u0430 \u0438\u043c\u0435\u043d\u043d\u043e - \u0441\u0442\u0430\u0442\u044c\u0438, \u0430\u0443\u0434\u0438\u043e \u0438 \u0432\u0438\u0434\u0435\u043e\u043c\u0430\u0442\u0435\u0440\u0438\u0430\u043b\u044b. \u0420\u0435\u0433\u0443\u043b\u044f\u0440\u043d\u043e\u0435 \u043e\u0431\u043d\u043e\u0432\u043b\u0435\u043d\u0438\u0435, \u0432 \u043f\u0435\u0440\u0432\u0443\u044e \u043e\u0447\u0435\u0440\u0435\u0434\u044c, \u043a\u0430\u0447\u0435\u0441\u0442\u0432\u043e \u043a\u043e\u043d\u0442\u0435\u043d\u0442\u0430, \u0438\u0433\u0440\u0430\u0435\u0442 \u0440\u0435\u0448\u0430\u044e\u0449\u0443\u044e \u0440\u043e\u043b\u044c \u0432 \u043f\u0440\u043e\u0434\u0432\u0438\u0436\u0435\u043d\u0438\u0435 \u0441\u0430\u0439\u0442\u0430. \u0427\u0442\u043e\u0431\u044b \u043f\u043e\u043b\u0443\u0447\u0438\u0442\u044c \u0442\u0440\u0430\u0444\u0438\u043a \u043d\u0430 \u0441\u0432\u043e\u0439 \u0440\u0435\u0441\u0443\u0440\u0441, \u0438\u043d\u0444\u043e\u0440\u043c\u0430\u0446\u0438\u044f \u0434\u043e\u043b\u0436\u043d\u0430 \u0431\u044b\u0442\u044c \u043f\u043e\u043b\u0435\u0437\u043d\u043e\u0439 \u0438 \u0438\u043d\u0442\u0435\u0440\u0435\u0441\u043d\u043e\u0439, \u0430 \u0442\u0430\u043a\u0436\u0435 \u043d\u0430 100% \u0443\u043d\u0438\u043a\u0430\u043b\u044c\u043d\u043e\u0439. \u0415\u0441\u043b\u0438 \u0412\u044b \u0441\u043a\u043e\u043f\u0438\u0440\u0443\u0435\u0442\u0435 \u0441\u0442\u0430\u0442\u044c\u044e, \u0444\u043e\u0442\u043e \u0438\u043b\u0438 \u0432\u0438\u0434\u0435\u043e\u043c\u0430\u0442\u0435\u0440\u0438\u0430\u043b\u044b \u0438\u0437 \u0434\u0440\u0443\u0433\u0438\u0445 \u0441\u0430\u0439\u0442\u043e\u0432, \u0442\u043e \u043c\u043e\u0436\u0435\u0442\u0435 \u0438 \u043d\u0435 \u043d\u0430\u0434\u0435\u0435\u0442\u0441\u044f, \u0447\u0442\u043e \u043f\u043e\u0438\u0441\u043a\u043e\u0432\u0438\u043a \u0431\u0443\u0434\u0435\u0442 \u0432\u0430\u0441 \u0432\u044b\u0434\u0430\u0432\u0430\u0442\u044c \u0432 \u0441\u043f\u0438\u0441\u043a\u0435 \u0442\u043e\u043f 10. \u041d\u043e \u0435\u0441\u043b\u0438 \u043e\u0442\u043d\u0435\u0441\u0442\u0438\u0441\u044c \u043a \u0441\u043e\u0437\u0434\u0430\u043d\u0438\u044e \u043a\u043e\u043d\u0442\u0435\u043d\u0442\u0430 \u043e\u0442\u0432\u0435\u0442\u0441\u0442\u0432\u0435\u043d\u043d\u043e, \u0442\u043e \u043f\u043e\u0441\u0435\u0442\u0438\u0442\u0435\u043b\u0438 \u0412\u0430\u043c \u043e\u0431\u0435\u0441\u043f\u0435\u0447\u0435\u043d\u044b. \u0421\u0435\u0433\u043e\u0434\u043d\u044f, \u043f\u043e\u0438\u0441\u043a\u043e\u0432\u0438\u043a\u0438 \u0432\u0440\u043e\u0434\u0435 Google \u0438 \u042f\u043d\u0434\u0435\u043a\u0441, \u0432\u043a\u043b\u0430\u0434\u044b\u0432\u0430\u044e\u0442 \u043c\u043d\u043e\u0433\u043e \u0440\u0435\u0441\u0443\u0440\u0441\u043e\u0432 \u043d\u0430 \u0443\u043b\u0443\u0447\u0448\u0435\u043d\u0438\u0435 \u043c\u0435\u0442\u043e\u0434\u043e\u0432 \u043f\u043e\u0438\u0441\u043a\u0430. \u0418 \u043f\u043b\u043e\u0449\u0430\u0434\u043a\u0438, \u0433\u0434\u0435 \u043f\u0440\u0438\u0441\u0443\u0442\u0441\u0442\u0432\u0443\u0435\u0442 \u0432\u043e\u0440\u043e\u0432\u0430\u043d\u043d\u044b\u0439 \u043a\u043e\u043d\u0442\u0435\u043d\u0442, \u043e\u0442\u0441\u0435\u043a\u0430\u044e\u0442\u0441\u044f \u043d\u0430 \u043f\u0435\u0440\u0432\u043e\u043c \u044d\u0442\u0430\u043f\u0435. \u0412\u044b\u044f\u0432\u043b\u0435\u043d\u0438\u0435\u043c \u0442\u0430\u043a\u043e\u0439 \u0438\u043d\u0444\u043e\u0440\u043c\u0430\u0446\u0438\u0438 \u0437\u0430\u043d\u0438\u043c\u0430\u044e\u0442\u0441\u044f \u0441\u043f\u0435\u0446\u0438\u0430\u043b\u044c\u043d\u044b\u0435 \u0430\u043b\u0433\u043e\u0440\u0438\u0442\u043c\u044b \u0438 \u043d\u0435\u0439\u0440\u043e\u043d\u043d\u044b\u0435 \u0441\u0435\u0442\u0438 \u0430 \u0434\u043b\u044f \u043e\u0446\u0435\u043d\u043a\u0438 \u0435\u0435 \u043a\u0430\u0447\u0435\u0441\u0442\u0432\u0430, \u0438\u0441\u043f\u043e\u043b\u044c\u0437\u0443\u044e\u0442\u0441\u044f \u0440\u0430\u0437\u043b\u0438\u0447\u043d\u044b\u0435 \u0444\u0430\u043a\u0442\u043e\u0440\u044b \u0440\u0430\u043d\u0436\u0438\u0440\u043e\u0432\u0430\u043d\u0438\u044f \u0438 \u0434\u0440\u0443\u0433\u0438\u0435 \u043c\u0435\u0442\u043e\u0434\u044b \u0430\u043d\u0430\u043b\u0438\u0437\u0430. \u0425\u043e\u0447\u0435\u0442\u0441\u044f \u043e\u0442\u043c\u0435\u0442\u0438\u0442\u044c, \u0447\u0442\u043e \u043d\u0438 \u043e\u0434\u0438\u043d \u0438\u0437 \u043d\u0438\u0445 \u043d\u0435 \u0440\u0430\u0431\u043e\u0442\u0430\u0435\u0442 \u0432 \u0441\u043e\u043b\u043e \u0440\u0435\u0436\u0438\u043c\u0435, \u0430 \u043f\u0440\u0438\u043c\u0435\u043d\u044f\u044e\u0442\u0441\u044f \u0432 \u043a\u043e\u043c\u043f\u043b\u0435\u043a\u0441\u0435. \u041f\u0440\u0438\u043d\u0446\u0438\u043f\u044b \u0438\u0445 \u0440\u0430\u0431\u043e\u0442\u044b \u043f\u043e\u0441\u0442\u043e\u044f\u043d\u043d\u043e \u0443\u043b\u0443\u0447\u0448\u0430\u044e\u0442\u0441\u044f \u0438 \u0432 \u0434\u0430\u043d\u043d\u043e\u043c \u0441\u043b\u0443\u0447\u0430\u0435, \u0442\u043e\u043b\u044c\u043a\u043e \u0441\u043e\u0437\u0434\u0430\u043d\u0438\u0435 \u043a\u0430\u0447\u0435\u0441\u0442\u0432\u0435\u043d\u043d\u043e\u0433\u043e \u043a\u043e\u043d\u0442\u0435\u043d\u0442\u0430 \u043c\u043e\u0436\u0435\u0442 \u0432\u044b\u0432\u0435\u0441\u0442\u0438 \u0412\u0430\u0441 \u0432 \u0442\u043e\u043f-10. \u0412 \u043f\u0435\u0440\u0432\u0443\u044e \u043e\u0447\u0435\u0440\u0435\u0434\u044c \u044d\u0442\u043e \u0445\u043e\u0440\u043e\u0448\u043e \u0434\u043b\u044f \u043a\u043e\u043d\u0435\u0447\u043d\u043e\u0433\u043e \u043f\u043e\u0442\u0440\u0435\u0431\u0438\u0442\u0435\u043b\u044f \u0438\u043d\u0444\u043e\u0440\u043c\u0430\u0446\u0438\u0438. \u0412\u0435\u0434\u044c, \u0441\u043e\u0433\u043b\u0430\u0441\u0438\u0442\u0435\u0441\u044c, \u043d\u0430 \u043b\u044e\u0431\u0443\u044e \u0442\u0435\u043c\u0443 \u0441\u0443\u0449\u0435\u0441\u0442\u0432\u0443\u0435\u0442 \u0441\u043e\u0442\u043d\u0438 \u0441\u0430\u0439\u0442\u043e\u0432 \u0438 \u0435\u0434\u0438\u043d\u0441\u0442\u0432\u0435\u043d\u043d\u044b\u043c \u043f\u0440\u0430\u0432\u0438\u043b\u044c\u043d\u044b\u043c \u0440\u0435\u0448\u0435\u043d\u0438\u0435\u043c \u0434\u043b\u044f \u0443\u0434\u0435\u0440\u0436\u0430\u043d\u0438\u044f \u043f\u043e\u0441\u0435\u0442\u0438\u0442\u0435\u043b\u044f, \u0431\u0443\u0434\u0435\u0442 \u0441\u043e\u0437\u0434\u0430\u043d\u0438\u0435 \u0438\u043d\u0442\u0435\u0440\u0435\u0441\u043d\u043e\u0433\u043e \u0438 \u0443\u043d\u0438\u043a\u0430\u043b\u044c\u043d\u043e\u0433\u043e \u043a\u043e\u043d\u0442\u0435\u043d\u0442\u0430. \u0415\u0449\u0435 \u043e\u043d \u0434\u043e\u043b\u0436\u0435\u043d \u0431\u044b\u0442\u044c \u043f\u043e\u043d\u044f\u0442\u043d\u044b\u043c \u0438 \u043b\u0435\u0433\u043a\u0438\u043c \u0434\u043b\u044f \u0432\u043e\u0441\u043f\u0440\u0438\u044f\u0442\u0438\u044f. \u0417\u0434\u0435\u0441\u044c \u0445\u043e\u0447\u0435\u0442\u0441\u044f \u0441\u043a\u0430\u0437\u0430\u0442\u044c \u043e \u0434\u0438\u0437\u0430\u0439\u043d\u0435 \u0438 \u043e\u0431\u0449\u0435\u0439 \u0430\u0440\u0445\u0438\u0442\u0435\u043a\u0442\u0443\u0440\u0435 \u0441\u0430\u0439\u0442\u0430. \u041e\u043d\u0438 \u0434\u043e\u043b\u0436\u043d\u044b \u0431\u044b\u0442\u044c \u0447\u0430\u0441\u0442\u044c\u044e \u0435\u0434\u0438\u043d\u043e\u0439 \u0438 \u043f\u043e\u043d\u044f\u0442\u043d\u043e\u0439 \u0441\u0442\u0440\u0443\u043a\u0442\u0443\u0440\u044b, \u0440\u0435\u043a\u043b\u0430\u043c\u044b \u0438 \u043f\u043e\u043b\u0435\u0437\u043d\u043e\u0439 \u0438\u043d\u0444\u043e\u0440\u043c\u0430\u0446\u0438\u0438 - \u0432\u0441\u0435\u0433\u043e \u0434\u043e\u043b\u0436\u043d\u043e \u0431\u044b\u0442\u044c \u0432 \u043c\u0435\u0440\u0443. GoldTeam Studio \u0441\u043e\u0437\u0434\u0430\u0441\u0442 \u0434\u043b\u044f \u0412\u0430\u0441 \u0434\u0435\u0439\u0441\u0442\u0432\u0438\u0442\u0435\u043b\u044c\u043d\u043e \u0443\u043d\u0438\u043a\u0430\u043b\u044c\u043d\u044b\u0439 \u0438 \u0438\u043d\u0442\u0435\u0440\u0435\u0441\u043d\u044b\u0439 \u043a\u043e\u043d\u0442\u0435\u043d\u0442. \u041a \u0432\u0430\u0448\u0438\u043c \u0443\u0441\u043b\u0443\u0433\u0430\u043c - \u043b\u0443\u0447\u0448\u0438\u0435 \u0436\u0443\u0440\u043d\u0430\u043b\u0438\u0441\u0442\u044b \u0438 \u043a\u043e\u043f\u0438\u0440\u0430\u0439\u0442\u0435\u0440\u044b \u0441 \u0431\u043e\u0433\u0430\u0442\u044b\u043c \u043e\u043f\u044b\u0442\u043e\u043c \u043d\u0430\u043f\u0438\u0441\u0430\u043d\u0438\u044f \u0441\u0442\u0430\u0442\u0435\u0439 \u043d\u0430 \u0440\u0430\u0437\u043b\u0438\u0447\u043d\u044b\u0435 \u0442\u0435\u043c\u044b. \u0410 \u0442\u0430\u043a\u0436\u0435 \u0441\u043f\u0435\u0446\u0438\u0430\u043b\u0438\u0441\u0442\u044b \u043e\u043f\u0442\u0438\u043c\u0438\u0437\u0430\u0442\u043e\u0440\u044b, \u043a\u043e\u0442\u043e\u0440\u044b\u0435 \u0431\u0443\u0434\u0443\u0442 \u0440\u0430\u0431\u043e\u0442\u0430\u0442\u044c \u043d\u0430\u0434 \u0441\u043e\u0437\u0434\u0430\u043d\u0438\u0435\u043c \u0441\u0438\u043c\u0431\u0438\u043e\u0437\u0430 \u043c\u0435\u0436\u0434\u0443 \u0440\u0430\u0437\u043b\u0438\u0447\u043d\u044b\u043c\u0438 \u044d\u043b\u0435\u043c\u0435\u043d\u0442\u0430\u043c\u0438 \u0440\u0435\u0441\u0443\u0440\u0441\u0430. \u041e\u0431\u0440\u0430\u0442\u0438\u0442\u0435 \u0432\u043d\u0438\u043c\u0430\u043d\u0438\u0435: \u043a\u0430\u0436\u0434\u044b\u0439 \u044d\u043b\u0435\u043c\u0435\u043d\u0442 \u043d\u0430 \u0441\u0430\u0439\u0442\u0435 GoldTeam.us \u043d\u0430 100% \u0443\u043d\u0438\u043a\u0430\u043b\u044c\u043d\u044b\u0439. \u0412\u044b \u043c\u043e\u0436\u0435\u0442\u0435 \u044d\u0442\u043e \u043b\u0435\u0433\u043a\u043e \u043f\u0440\u043e\u0432\u0435\u0440\u0438\u0442\u044c \u043d\u0430 \u0441\u043e\u043e\u0442\u0432\u0435\u0442\u0441\u0442\u0432\u0443\u044e\u0449\u0438\u0445 \u0440\u0435\u0441\u0443\u0440\u0441\u0430\u0445. \u0411\u0435\u0441\u043f\u043b\u0430\u0442\u043d\u0430\u044f \u043a\u043e\u043d\u0441\u0443\u043b\u044c\u0442\u0430\u0446\u0438\u044f \u043f\u043e \u043d\u0430\u043f\u043e\u043b\u043d\u0435\u043d\u0438\u044e \u0438 \u043f\u0440\u043e\u0434\u0432\u0438\u0436\u0435\u043d\u0438\u044e, \u0430 \u0442\u0430\u043a\u0436\u0435 \u0441\u043e\u0437\u0434\u0430\u043d\u0438\u0435 \u0434\u043e\u0440\u043e\u0436\u043d\u043e\u0439 \u043a\u0430\u0440\u0442\u044b \u0434\u043b\u044f \u0440\u0430\u0437\u0432\u0438\u0442\u0438\u044f \u0412\u0430\u0448\u0435\u0433\u043e \u0441\u0430\u0439\u0442\u0430 \u0437\u0432\u043e\u043d\u0438\u0442\u0435 \u043d\u0430\u043c +79375257733 \u0438\u043b\u0438 \u0432 \u0412\u041a \u0433\u0440\u0443\u043f\u043f\u0435 https://vk.com/goldteamus \u041f\u0440\u0438 \u043a\u043e\u043f\u0438\u0440\u043e\u0432\u0430\u043d\u0438\u0438 \u043c\u0430\u0442\u0435\u0440\u0438\u0430\u043b\u043e\u0432 \u0440\u0435\u0441\u0443\u0440\u0441\u0430 GoldTeam.us, \u0441\u0441\u044b\u043b\u043a\u0430 \u043e\u0431\u044f\u0437\u0430\u0442\u0435\u043b\u044c\u043d\u0430!", "is_active": true, "created": "2017-10-15T05:31:08.233Z", "updated": "2017-12-17T22:37:06.062Z"}}, {"model": "products.productimage", "pk": 8, "fields": {"product": 3, "image": "products_images/blu6.png", "is_active": true, "is_main": true, "created": "2017-10-13T22:01:11.137Z", "updated": "2017-10-13T22:01:11.137Z"}}, {"model": "products.productimage", "pk": 10, "fields": {"product": 2, "image": "products_images/obvodka-300x206.png", "is_active": true, "is_main": true, "created": "2017-10-13T22:35:47.960Z", "updated": "2017-10-13T22:35:47.960Z"}}, {"model": "products.productimage", "pk": 13, "fields": {"product": 4, "image": "products_images/goldteamshop.png", "is_active": true, "is_main": true, "created": "2017-10-14T02:20:40.175Z", "updated": "2017-12-17T22:27:11.375Z"}}, {"model": "products.productimage", "pk": 14, "fields": {"product": 5, "image": "products_images/kodgoldteam.jpg", "is_active": true, "is_main": true, "created": "2017-10-15T05:23:00.315Z", "updated": "2017-12-04T23:08:07.546Z"}}, {"model": "products.productimage", "pk": 15, "fields": {"product": 6, "image": "products_images/google.jpg", "is_active": true, "is_main": true, "created": "2017-10-15T05:28:09.790Z", "updated": "2017-10-15T05:28:09.791Z"}}, {"model": "products.productimage", "pk": 16, "fields": {"product": 7, "image": "products_images/social.jpg", "is_active": true, "is_main": true, "created": "2017-10-15T05:30:03.983Z", "updated": "2017-10-15T05:30:03.983Z"}}, {"model": "products.productimage", "pk": 19, "fields": {"product": 1, "image": "products_images/goldteamus.png", "is_active": true, "is_main": true, "created": "2017-12-17T20:38:53.957Z", "updated": "2017-12-17T21:14:11.962Z"}}, {"model": "products.productimage", "pk": 20, "fields": {"product": 1, "image": "products_images/1db739314b06f9307e85563264513a9b_RSZ_690.jpeg", "is_active": true, "is_main": false, "created": "2017-12-17T20:41:35.998Z", "updated": "2017-12-17T21:13:47.848Z"}}, {"model": "products.productimage", "pk": 21, "fields": {"product": 4, "image": "products_images/goldshop.jpg", "is_active": true, "is_main": false, "created": "2017-12-17T22:28:49.625Z", "updated": "2017-12-17T22:28:49.625Z"}}, {"model": "products.productimage", "pk": 22, "fields": {"product": 8, "image": "products_images/website.jpg", "is_active": true, "is_main": true, "created": "2017-12-17T22:36:21.184Z", "updated": "2017-12-17T22:37:06.077Z"}}, {"model": "products.productimage", "pk": 23, "fields": {"product": 8, "image": "products_images/kontent-goldteam.bmp", "is_active": true, "is_main": false, "created": "2017-12-17T22:37:06.133Z", "updated": "2017-12-17T22:37:06.134Z"}}, {"model": "products.productimage", "pk": 24, "fields": {"product": 3, "image": "products_images/logo-gold.png", "is_active": true, "is_main": false, "created": "2017-12-17T22:41:34.621Z", "updated": "2017-12-17T22:41:34.621Z"}}, {"model": "products.productimage", "pk": 25, "fields": {"product": 3, "image": "products_images/\u043b\u043e\u0433\u043e\u0442\u0438\u043f-goldteam.jpg", "is_active": true, "is_main": false, "created": "2017-12-17T22:41:53.000Z", "updated": "2017-12-17T22:41:53.000Z"}}, {"model": "orders.status", "pk": 1, "fields": {"name": "\u0412\u044b\u043f\u043e\u043b\u043d\u044f\u0435\u0442\u0441\u044f", "is_active": true, "created": "2017-10-08T20:31:19.188Z", "updated": "2017-10-08T20:31:19.188Z"}}, {"model": "orders.status", "pk": 2, "fields": {"name": "\u041f\u0440\u0438\u043e\u0441\u0442\u0430\u043d\u043e\u0432\u043b\u0435\u043d", "is_active": true, "created": "2017-10-08T20:31:36.739Z", "updated": "2017-10-08T20:31:36.739Z"}}, {"model": "orders.status", "pk": 3, "fields": {"name": "\u0412 \u043e\u0431\u0440\u0430\u0431\u043e\u0442\u043a\u0435", "is_active": true, "created": "2017-10-08T20:31:47.940Z", "updated": "2017-10-08T20:31:47.940Z"}}, {"model": "orders.status", "pk": 4, "fields": {"name": "\u043d\u043e\u0432\u044b\u0439", "is_active": true, "created": "2017-10-09T14:35:40.174Z", "updated": "2017-10-09T14:35:40.174Z"}}, {"model": "orders.productinorder", "pk": 6, "fields": {"order": 12, "product": 5, "nmb": 22, "price_per_item": "9000.00", "total_price": "198000.00", "is_active": true, "created": "2017-10-28T17:56:51.750Z", "updated": "2017-10-28T17:56:51.750Z"}}, {"model": "orders.productinorder", "pk": 7, "fields": {"order": 13, "product": 5, "nmb": 20, "price_per_item": "9000.00", "total_price": "180000.00", "is_active": true, "created": "2017-10-28T17:59:11.324Z", "updated": "2017-10-28T17:59:11.324Z"}}, {"model": "orders.productinorder", "pk": 8, "fields": {"order": 14, "product": 5, "nmb": 20, "price_per_item": "9000.00", "total_price": "180000.00", "is_active": true, "created": "2017-10-28T17:59:59.558Z", "updated": "2017-10-28T17:59:59.558Z"}}, {"model": "orders.productinorder", "pk": 9, "fields": {"order": 15, "product": 2, "nmb": 1, "price_per_item": "9990.00", "total_price": "9990.00", "is_active": true, "created": "2017-10-28T18:00:42.804Z", "updated": "2017-10-28T18:00:42.804Z"}}, {"model": "orders.productinorder", "pk": 10, "fields": {"order": 17, "product": 2, "nmb": 1, "price_per_item": "9990.00", "total_price": "9990.00", "is_active": true, "created": "2017-10-28T18:03:19.481Z", "updated": "2017-10-28T18:03:19.481Z"}}, {"model": "orders.productinorder", "pk": 11, "fields": {"order": 18, "product": 3, "nmb": 2, "price_per_item": "9990.00", "total_price": "19980.00", "is_active": true, "created": "2017-10-28T19:21:35.511Z", "updated": "2017-10-28T19:21:35.511Z"}}, {"model": "orders.productinorder", "pk": 12, "fields": {"order": 18, "product": 4, "nmb": 2, "price_per_item": "26000.00", "total_price": "52000.00", "is_active": true, "created": "2017-10-28T19:21:35.937Z", "updated": "2017-10-28T19:21:35.937Z"}}, {"model": "orders.productinorder", "pk": 13, "fields": {"order": 19, "product": 2, "nmb": 2, "price_per_item": "9990.00", "total_price": "19980.00", "is_active": true, "created": "2017-11-04T02:07:21.726Z", "updated": "2017-11-04T02:07:21.726Z"}}, {"model": "orders.productinorder", "pk": 14, "fields": {"order": 19, "product": 3, "nmb": 10, "price_per_item": "9990.00", "total_price": "99900.00", "is_active": true, "created": "2017-11-04T02:07:22.282Z", "updated": "2017-11-04T02:07:22.282Z"}}, {"model": "orders.productinorder", "pk": 15, "fields": {"order": 19, "product": 8, "nmb": 1, "price_per_item": "8000.00", "total_price": "8000.00", "is_active": true, "created": "2017-11-04T02:07:22.954Z", "updated": "2017-11-04T02:07:22.954Z"}}, {"model": "orders.productinorder", "pk": 16, "fields": {"order": 20, "product": 2, "nmb": 2, "price_per_item": "9990.00", "total_price": "19980.00", "is_active": true, "created": "2017-11-04T02:16:18.034Z", "updated": "2017-11-04T02:16:18.034Z"}}, {"model": "orders.productinorder", "pk": 17, "fields": {"order": 20, "product": 3, "nmb": 1, "price_per_item": "9990.00", "total_price": "9990.00", "is_active": true, "created": "2017-11-04T02:16:18.755Z", "updated": "2017-11-04T02:16:18.755Z"}}, {"model": "orders.productinorder", "pk": 18, "fields": {"order": 21, "product": 6, "nmb": 0, "price_per_item": "15000.00", "total_price": "0.00", "is_active": true, "created": "2017-11-04T10:50:57.734Z", "updated": "2017-11-04T10:50:57.734Z"}}, {"model": "orders.productinorder", "pk": 19, "fields": {"order": 21, "product": 4, "nmb": 0, "price_per_item": "26000.00", "total_price": "0.00", "is_active": true, "created": "2017-11-04T10:50:58.149Z", "updated": "2017-11-04T10:50:58.149Z"}}, {"model": "orders.productinorder", "pk": 20, "fields": {"order": 22, "product": 3, "nmb": 2, "price_per_item": "9990.00", "total_price": "19980.00", "is_active": true, "created": "2017-11-08T19:55:10.018Z", "updated": "2017-11-08T19:55:10.018Z"}}, {"model": "orders.productinorder", "pk": 21, "fields": {"order": 23, "product": 3, "nmb": 2, "price_per_item": "9990.00", "total_price": "19980.00", "is_active": true, "created": "2017-11-08T19:55:26.147Z", "updated": "2017-11-08T19:55:26.147Z"}}, {"model": "orders.productinorder", "pk": 22, "fields": {"order": 24, "product": 7, "nmb": 3, "price_per_item": "15000.00", "total_price": "45000.00", "is_active": true, "created": "2017-11-14T11:24:15.638Z", "updated": "2017-11-14T11:24:15.638Z"}}, {"model": "orders.productinorder", "pk": 23, "fields": {"order": 24, "product": 1, "nmb": 3, "price_per_item": "15000.06", "total_price": "45000.18", "is_active": true, "created": "2017-11-14T11:24:15.950Z", "updated": "2017-11-14T11:24:15.950Z"}}, {"model": "orders.productinbasket", "pk": 163, "fields": {"session_key": "jx22xeu4q835iai5fe1t4m3o5z39b3zt", "order": null, "product": 7, "nmb": 1, "price_per_item": "15000.00", "total_price": "15000.00", "is_active": false, "created": "2017-11-08T21:27:37.644Z", "updated": "2017-11-08T21:27:37.644Z"}}, {"model": "orders.productinbasket", "pk": 164, "fields": {"session_key": "jx22xeu4q835iai5fe1t4m3o5z39b3zt", "order": null, "product": 3, "nmb": 1, "price_per_item": "9990.00", "total_price": "9990.00", "is_active": false, "created": "2017-11-08T21:27:45.973Z", "updated": "2017-11-08T21:27:45.973Z"}}, {"model": "orders.productinbasket", "pk": 165, "fields": {"session_key": "jx22xeu4q835iai5fe1t4m3o5z39b3zt", "order": null, "product": 3, "nmb": 1, "price_per_item": "9990.00", "total_price": "9990.00", "is_active": false, "created": "2017-11-08T21:31:06.652Z", "updated": "2017-11-08T21:31:06.652Z"}}, {"model": "orders.productinbasket", "pk": 166, "fields": {"session_key": "jx22xeu4q835iai5fe1t4m3o5z39b3zt", "order": null, "product": 4, "nmb": 4, "price_per_item": "26000.00", "total_price": "104000.00", "is_active": false, "created": "2017-11-08T21:31:34.831Z", "updated": "2017-11-08T21:32:18.523Z"}}, {"model": "orders.productinbasket", "pk": 167, "fields": {"session_key": "jx22xeu4q835iai5fe1t4m3o5z39b3zt", "order": null, "product": 3, "nmb": 7, "price_per_item": "9990.00", "total_price": "69930.00", "is_active": false, "created": "2017-11-08T21:33:57.485Z", "updated": "2017-11-08T21:35:42.309Z"}}, {"model": "orders.productinbasket", "pk": 168, "fields": {"session_key": "jx22xeu4q835iai5fe1t4m3o5z39b3zt", "order": null, "product": 6, "nmb": 1, "price_per_item": "15000.00", "total_price": "15000.00", "is_active": false, "created": "2017-11-08T21:35:57.424Z", "updated": "2017-11-08T21:35:57.424Z"}}, {"model": "orders.productinbasket", "pk": 169, "fields": {"session_key": "jx22xeu4q835iai5fe1t4m3o5z39b3zt", "order": null, "product": 3, "nmb": 1, "price_per_item": "9990.00", "total_price": "9990.00", "is_active": false, "created": "2017-11-08T21:47:05.477Z", "updated": "2017-11-08T21:47:05.477Z"}}, {"model": "orders.productinbasket", "pk": 170, "fields": {"session_key": "kxet76oo0l9stfgsvw5b3pspar2ihdxs", "order": null, "product": 3, "nmb": 2, "price_per_item": "9990.00", "total_price": "19980.00", "is_active": false, "created": "2017-11-08T22:10:17.316Z", "updated": "2017-11-08T22:10:17.316Z"}}, {"model": "orders.productinbasket", "pk": 171, "fields": {"session_key": "kxet76oo0l9stfgsvw5b3pspar2ihdxs", "order": null, "product": 4, "nmb": 3, "price_per_item": "26000.00", "total_price": "78000.00", "is_active": false, "created": "2017-11-08T22:15:42.027Z", "updated": "2017-11-08T22:15:42.027Z"}}, {"model": "orders.productinbasket", "pk": 172, "fields": {"session_key": "kxet76oo0l9stfgsvw5b3pspar2ihdxs", "order": null, "product": 2, "nmb": 1, "price_per_item": "9990.00", "total_price": "9990.00", "is_active": false, "created": "2017-11-08T22:16:24.220Z", "updated": "2017-11-08T22:16:24.220Z"}}, {"model": "orders.productinbasket", "pk": 173, "fields": {"session_key": "kxet76oo0l9stfgsvw5b3pspar2ihdxs", "order": null, "product": 3, "nmb": 3, "price_per_item": "9990.00", "total_price": "29970.00", "is_active": false, "created": "2017-11-08T22:16:44.115Z", "updated": "2017-11-08T22:16:44.115Z"}}, {"model": "orders.productinbasket", "pk": 174, "fields": {"session_key": "kxet76oo0l9stfgsvw5b3pspar2ihdxs", "order": null, "product": 3, "nmb": 5, "price_per_item": "9990.00", "total_price": "49950.00", "is_active": false, "created": "2017-11-08T22:17:07.659Z", "updated": "2017-11-08T22:27:51.488Z"}}, {"model": "orders.productinbasket", "pk": 175, "fields": {"session_key": "kxet76oo0l9stfgsvw5b3pspar2ihdxs", "order": null, "product": 3, "nmb": 2, "price_per_item": "9990.00", "total_price": "19980.00", "is_active": false, "created": "2017-11-08T22:41:10.243Z", "updated": "2017-11-08T22:41:10.243Z"}}, {"model": "orders.productinbasket", "pk": 176, "fields": {"session_key": "kxet76oo0l9stfgsvw5b3pspar2ihdxs", "order": null, "product": 3, "nmb": 3, "price_per_item": "9990.00", "total_price": "29970.00", "is_active": false, "created": "2017-11-08T22:45:16.855Z", "updated": "2017-11-08T22:45:32.064Z"}}, {"model": "orders.productinbasket", "pk": 177, "fields": {"session_key": "kxet76oo0l9stfgsvw5b3pspar2ihdxs", "order": null, "product": 3, "nmb": 2, "price_per_item": "9990.00", "total_price": "19980.00", "is_active": false, "created": "2017-11-08T22:46:50.885Z", "updated": "2017-11-08T22:46:50.885Z"}}, {"model": "orders.productinbasket", "pk": 178, "fields": {"session_key": "kxet76oo0l9stfgsvw5b3pspar2ihdxs", "order": null, "product": 4, "nmb": 2, "price_per_item": "26000.00", "total_price": "52000.00", "is_active": false, "created": "2017-11-08T22:47:29.949Z", "updated": "2017-11-08T22:47:29.949Z"}}, {"model": "orders.productinbasket", "pk": 179, "fields": {"session_key": "kxet76oo0l9stfgsvw5b3pspar2ihdxs", "order": null, "product": 7, "nmb": 2, "price_per_item": "15000.00", "total_price": "30000.00", "is_active": false, "created": "2017-11-08T22:47:50.951Z", "updated": "2017-11-08T22:47:50.951Z"}}, {"model": "orders.productinbasket", "pk": 180, "fields": {"session_key": "kxet76oo0l9stfgsvw5b3pspar2ihdxs", "order": null, "product": 7, "nmb": 2, "price_per_item": "15000.00", "total_price": "30000.00", "is_active": false, "created": "2017-11-08T22:51:27.859Z", "updated": "2017-11-08T22:51:27.859Z"}}, {"model": "orders.productinbasket", "pk": 181, "fields": {"session_key": "jx22xeu4q835iai5fe1t4m3o5z39b3zt", "order": null, "product": 3, "nmb": 1, "price_per_item": "9990.00", "total_price": "9990.00", "is_active": false, "created": "2017-11-09T02:12:40.669Z", "updated": "2017-11-09T02:12:40.669Z"}}, {"model": "orders.productinbasket", "pk": 182, "fields": {"session_key": "jx22xeu4q835iai5fe1t4m3o5z39b3zt", "order": null, "product": 3, "nmb": 1, "price_per_item": "9990.00", "total_price": "9990.00", "is_active": false, "created": "2017-11-09T02:13:03.798Z", "updated": "2017-11-09T02:13:03.798Z"}}, {"model": "orders.productinbasket", "pk": 183, "fields": {"session_key": "jx22xeu4q835iai5fe1t4m3o5z39b3zt", "order": null, "product": 6, "nmb": 2, "price_per_item": "15000.00", "total_price": "30000.00", "is_active": false, "created": "2017-11-09T02:13:21.645Z", "updated": "2017-11-09T02:13:21.645Z"}}, {"model": "orders.productinbasket", "pk": 184, "fields": {"session_key": "jx22xeu4q835iai5fe1t4m3o5z39b3zt", "order": null, "product": 6, "nmb": 2, "price_per_item": "15000.00", "total_price": "30000.00", "is_active": false, "created": "2017-11-09T02:14:32.684Z", "updated": "2017-11-09T02:14:32.684Z"}}, {"model": "orders.productinbasket", "pk": 185, "fields": {"session_key": "jx22xeu4q835iai5fe1t4m3o5z39b3zt", "order": null, "product": 1, "nmb": 2, "price_per_item": "15000.06", "total_price": "30000.12", "is_active": false, "created": "2017-11-09T02:14:43.536Z", "updated": "2017-11-09T02:14:43.536Z"}}, {"model": "orders.productinbasket", "pk": 186, "fields": {"session_key": "jx22xeu4q835iai5fe1t4m3o5z39b3zt", "order": null, "product": 8, "nmb": 1, "price_per_item": "8000.00", "total_price": "8000.00", "is_active": false, "created": "2017-11-09T02:14:56.865Z", "updated": "2017-11-09T02:14:56.865Z"}}, {"model": "orders.productinbasket", "pk": 187, "fields": {"session_key": "jx22xeu4q835iai5fe1t4m3o5z39b3zt", "order": null, "product": 2, "nmb": 2, "price_per_item": "9990.00", "total_price": "19980.00", "is_active": false, "created": "2017-11-09T02:15:34.295Z", "updated": "2017-11-09T02:15:34.295Z"}}, {"model": "orders.productinbasket", "pk": 188, "fields": {"session_key": "jx22xeu4q835iai5fe1t4m3o5z39b3zt", "order": null, "product": 7, "nmb": 2, "price_per_item": "15000.00", "total_price": "30000.00", "is_active": false, "created": "2017-11-09T02:29:25.149Z", "updated": "2017-11-09T02:29:25.149Z"}}, {"model": "orders.productinbasket", "pk": 189, "fields": {"session_key": "jx22xeu4q835iai5fe1t4m3o5z39b3zt", "order": null, "product": 8, "nmb": 1, "price_per_item": "8000.00", "total_price": "8000.00", "is_active": false, "created": "2017-11-09T02:29:37.616Z", "updated": "2017-11-09T02:29:37.616Z"}}, {"model": "orders.productinbasket", "pk": 190, "fields": {"session_key": "jx22xeu4q835iai5fe1t4m3o5z39b3zt", "order": null, "product": 3, "nmb": 1, "price_per_item": "9990.00", "total_price": "9990.00", "is_active": false, "created": "2017-11-09T02:30:57.062Z", "updated": "2017-11-09T02:30:57.062Z"}}, {"model": "orders.productinbasket", "pk": 191, "fields": {"session_key": "jx22xeu4q835iai5fe1t4m3o5z39b3zt", "order": null, "product": 3, "nmb": 3, "price_per_item": "9990.00", "total_price": "29970.00", "is_active": false, "created": "2017-11-09T02:42:08.487Z", "updated": "2017-11-09T02:42:08.487Z"}}, {"model": "orders.productinbasket", "pk": 192, "fields": {"session_key": "jx22xeu4q835iai5fe1t4m3o5z39b3zt", "order": null, "product": 3, "nmb": 1, "price_per_item": "9990.00", "total_price": "9990.00", "is_active": false, "created": "2017-11-09T02:42:18.842Z", "updated": "2017-11-09T02:42:18.842Z"}}, {"model": "orders.productinbasket", "pk": 193, "fields": {"session_key": "jx22xeu4q835iai5fe1t4m3o5z39b3zt", "order": null, "product": 7, "nmb": 1, "price_per_item": "15000.00", "total_price": "15000.00", "is_active": false, "created": "2017-11-09T02:43:22.748Z", "updated": "2017-11-09T02:43:22.748Z"}}, {"model": "orders.productinbasket", "pk": 194, "fields": {"session_key": "jx22xeu4q835iai5fe1t4m3o5z39b3zt", "order": null, "product": 2, "nmb": 1, "price_per_item": "9990.00", "total_price": "9990.00", "is_active": false, "created": "2017-11-09T02:48:23.001Z", "updated": "2017-11-09T02:48:23.001Z"}}, {"model": "orders.productinbasket", "pk": 195, "fields": {"session_key": "jx22xeu4q835iai5fe1t4m3o5z39b3zt", "order": null, "product": 3, "nmb": 1, "price_per_item": "9990.00", "total_price": "9990.00", "is_active": false, "created": "2017-11-09T02:49:04.618Z", "updated": "2017-11-09T02:49:04.619Z"}}, {"model": "orders.productinbasket", "pk": 196, "fields": {"session_key": "jx22xeu4q835iai5fe1t4m3o5z39b3zt", "order": null, "product": 3, "nmb": 3, "price_per_item": "9990.00", "total_price": "29970.00", "is_active": false, "created": "2017-11-09T02:52:58.030Z", "updated": "2017-11-09T02:53:07.893Z"}}, {"model": "orders.productinbasket", "pk": 197, "fields": {"session_key": "jx22xeu4q835iai5fe1t4m3o5z39b3zt", "order": null, "product": 8, "nmb": 2, "price_per_item": "8000.00", "total_price": "16000.00", "is_active": false, "created": "2017-11-09T02:53:16.514Z", "updated": "2017-11-09T02:53:16.516Z"}}, {"model": "orders.productinbasket", "pk": 198, "fields": {"session_key": "jx22xeu4q835iai5fe1t4m3o5z39b3zt", "order": null, "product": 6, "nmb": 1, "price_per_item": "15000.00", "total_price": "15000.00", "is_active": false, "created": "2017-11-09T02:53:23.683Z", "updated": "2017-11-09T02:53:23.683Z"}}, {"model": "orders.productinbasket", "pk": 199, "fields": {"session_key": "jx22xeu4q835iai5fe1t4m3o5z39b3zt", "order": null, "product": 4, "nmb": 8, "price_per_item": "26000.00", "total_price": "208000.00", "is_active": false, "created": "2017-11-09T02:53:43.052Z", "updated": "2017-11-09T02:54:26.252Z"}}, {"model": "orders.productinbasket", "pk": 200, "fields": {"session_key": "jx22xeu4q835iai5fe1t4m3o5z39b3zt", "order": null, "product": 2, "nmb": 1, "price_per_item": "9990.00", "total_price": "9990.00", "is_active": false, "created": "2017-11-09T02:54:38.159Z", "updated": "2017-11-09T02:54:38.159Z"}}, {"model": "orders.productinbasket", "pk": 201, "fields": {"session_key": "jx22xeu4q835iai5fe1t4m3o5z39b3zt", "order": null, "product": 3, "nmb": 3, "price_per_item": "9990.00", "total_price": "29970.00", "is_active": false, "created": "2017-11-09T02:58:02.356Z", "updated": "2017-11-09T02:58:53.582Z"}}, {"model": "orders.productinbasket", "pk": 202, "fields": {"session_key": "jx22xeu4q835iai5fe1t4m3o5z39b3zt", "order": null, "product": 2, "nmb": 1, "price_per_item": "9990.00", "total_price": "9990.00", "is_active": false, "created": "2017-11-09T03:00:04.095Z", "updated": "2017-11-09T03:00:04.095Z"}}, {"model": "orders.productinbasket", "pk": 203, "fields": {"session_key": "jx22xeu4q835iai5fe1t4m3o5z39b3zt", "order": null, "product": 1, "nmb": 1, "price_per_item": "15000.06", "total_price": "15000.06", "is_active": false, "created": "2017-11-09T03:00:14.490Z", "updated": "2017-11-09T03:00:14.490Z"}}, {"model": "orders.productinbasket", "pk": 204, "fields": {"session_key": "jx22xeu4q835iai5fe1t4m3o5z39b3zt", "order": null, "product": 1, "nmb": 4, "price_per_item": "15000.06", "total_price": "60000.24", "is_active": false, "created": "2017-11-09T03:02:14.737Z", "updated": "2017-11-09T03:02:24.397Z"}}, {"model": "orders.productinbasket", "pk": 205, "fields": {"session_key": "jx22xeu4q835iai5fe1t4m3o5z39b3zt", "order": null, "product": 8, "nmb": 2, "price_per_item": "8000.00", "total_price": "16000.00", "is_active": false, "created": "2017-11-09T03:02:33.843Z", "updated": "2017-11-09T03:02:33.843Z"}}, {"model": "orders.productinbasket", "pk": 206, "fields": {"session_key": "jx22xeu4q835iai5fe1t4m3o5z39b3zt", "order": null, "product": 4, "nmb": 1, "price_per_item": "26000.00", "total_price": "26000.00", "is_active": false, "created": "2017-11-09T03:02:49.309Z", "updated": "2017-11-09T03:02:49.309Z"}}, {"model": "orders.productinbasket", "pk": 207, "fields": {"session_key": "jx22xeu4q835iai5fe1t4m3o5z39b3zt", "order": null, "product": 4, "nmb": 1, "price_per_item": "26000.00", "total_price": "26000.00", "is_active": false, "created": "2017-11-09T03:03:20.668Z", "updated": "2017-11-09T03:03:20.669Z"}}, {"model": "orders.productinbasket", "pk": 208, "fields": {"session_key": "jx22xeu4q835iai5fe1t4m3o5z39b3zt", "order": null, "product": 4, "nmb": 1, "price_per_item": "26000.00", "total_price": "26000.00", "is_active": false, "created": "2017-11-09T03:03:48.842Z", "updated": "2017-11-09T03:03:48.842Z"}}, {"model": "orders.productinbasket", "pk": 209, "fields": {"session_key": "jx22xeu4q835iai5fe1t4m3o5z39b3zt", "order": null, "product": 4, "nmb": 1, "price_per_item": "26000.00", "total_price": "26000.00", "is_active": false, "created": "2017-11-09T03:04:27.560Z", "updated": "2017-11-09T03:04:27.560Z"}}, {"model": "orders.productinbasket", "pk": 210, "fields": {"session_key": "jx22xeu4q835iai5fe1t4m3o5z39b3zt", "order": null, "product": 1, "nmb": 1, "price_per_item": "15000.06", "total_price": "15000.06", "is_active": false, "created": "2017-11-09T03:04:35.893Z", "updated": "2017-11-09T03:04:35.893Z"}}, {"model": "orders.productinbasket", "pk": 211, "fields": {"session_key": "jx22xeu4q835iai5fe1t4m3o5z39b3zt", "order": null, "product": 1, "nmb": 1, "price_per_item": "15000.06", "total_price": "15000.06", "is_active": false, "created": "2017-11-09T03:08:20.943Z", "updated": "2017-11-09T03:08:20.943Z"}}, {"model": "orders.productinbasket", "pk": 212, "fields": {"session_key": "jx22xeu4q835iai5fe1t4m3o5z39b3zt", "order": null, "product": 2, "nmb": 3, "price_per_item": "9990.00", "total_price": "29970.00", "is_active": false, "created": "2017-11-09T03:10:28.438Z", "updated": "2017-11-09T03:18:14.591Z"}}, {"model": "orders.productinbasket", "pk": 213, "fields": {"session_key": "jx22xeu4q835iai5fe1t4m3o5z39b3zt", "order": null, "product": 2, "nmb": 2, "price_per_item": "9990.00", "total_price": "19980.00", "is_active": true, "created": "2017-11-09T03:52:23.794Z", "updated": "2017-11-09T03:52:23.794Z"}}, {"model": "orders.productinbasket", "pk": 214, "fields": {"session_key": "otjr5yebsig0hwtwhc94roh8jzn51fby", "order": null, "product": 2, "nmb": 2, "price_per_item": "9990.00", "total_price": "19980.00", "is_active": false, "created": "2017-11-11T21:24:14.204Z", "updated": "2017-11-11T21:24:14.204Z"}}, {"model": "orders.productinbasket", "pk": 215, "fields": {"session_key": "otjr5yebsig0hwtwhc94roh8jzn51fby", "order": null, "product": 5, "nmb": 6, "price_per_item": "9000.00", "total_price": "54000.00", "is_active": false, "created": "2017-11-11T21:24:52.286Z", "updated": "2017-11-11T21:25:09.755Z"}}, {"model": "orders.productinbasket", "pk": 216, "fields": {"session_key": "otjr5yebsig0hwtwhc94roh8jzn51fby", "order": null, "product": 3, "nmb": 1, "price_per_item": "9990.00", "total_price": "9990.00", "is_active": false, "created": "2017-11-13T02:55:18.484Z", "updated": "2017-11-13T02:55:18.484Z"}}, {"model": "orders.productinbasket", "pk": 217, "fields": {"session_key": "otjr5yebsig0hwtwhc94roh8jzn51fby", "order": null, "product": 3, "nmb": 1, "price_per_item": "9990.00", "total_price": "9990.00", "is_active": false, "created": "2017-11-13T02:55:35.310Z", "updated": "2017-11-13T02:55:35.310Z"}}, {"model": "orders.productinbasket", "pk": 218, "fields": {"session_key": "otjr5yebsig0hwtwhc94roh8jzn51fby", "order": null, "product": 3, "nmb": 2, "price_per_item": "9990.00", "total_price": "19980.00", "is_active": false, "created": "2017-11-13T03:55:39.657Z", "updated": "2017-11-13T03:55:39.657Z"}}, {"model": "orders.productinbasket", "pk": 219, "fields": {"session_key": "otjr5yebsig0hwtwhc94roh8jzn51fby", "order": null, "product": 2, "nmb": 2, "price_per_item": "9990.00", "total_price": "19980.00", "is_active": false, "created": "2017-11-13T04:25:03.556Z", "updated": "2017-11-13T04:25:03.556Z"}}, {"model": "orders.productinbasket", "pk": 220, "fields": {"session_key": "otjr5yebsig0hwtwhc94roh8jzn51fby", "order": null, "product": 2, "nmb": 2, "price_per_item": "9990.00", "total_price": "19980.00", "is_active": false, "created": "2017-11-13T04:25:44.110Z", "updated": "2017-11-13T04:25:44.110Z"}}, {"model": "orders.productinbasket", "pk": 221, "fields": {"session_key": "otjr5yebsig0hwtwhc94roh8jzn51fby", "order": null, "product": 3, "nmb": 2, "price_per_item": "9990.00", "total_price": "19980.00", "is_active": false, "created": "2017-11-13T04:26:04.893Z", "updated": "2017-11-13T04:26:04.893Z"}}, {"model": "orders.productinbasket", "pk": 222, "fields": {"session_key": "otjr5yebsig0hwtwhc94roh8jzn51fby", "order": null, "product": 3, "nmb": 2, "price_per_item": "9990.00", "total_price": "19980.00", "is_active": false, "created": "2017-11-13T04:28:59.314Z", "updated": "2017-11-13T04:28:59.314Z"}}, {"model": "orders.productinbasket", "pk": 223, "fields": {"session_key": "otjr5yebsig0hwtwhc94roh8jzn51fby", "order": null, "product": 3, "nmb": 1, "price_per_item": "9990.00", "total_price": "9990.00", "is_active": false, "created": "2017-11-13T04:29:32.758Z", "updated": "2017-11-13T04:29:32.758Z"}}, {"model": "orders.productinbasket", "pk": 224, "fields": {"session_key": "otjr5yebsig0hwtwhc94roh8jzn51fby", "order": null, "product": 3, "nmb": 1, "price_per_item": "9990.00", "total_price": "9990.00", "is_active": false, "created": "2017-11-13T04:31:06.959Z", "updated": "2017-11-13T04:31:06.959Z"}}, {"model": "orders.productinbasket", "pk": 225, "fields": {"session_key": "otjr5yebsig0hwtwhc94roh8jzn51fby", "order": null, "product": 3, "nmb": 2, "price_per_item": "9990.00", "total_price": "19980.00", "is_active": false, "created": "2017-11-13T04:37:25.324Z", "updated": "2017-11-13T04:37:25.324Z"}}, {"model": "orders.productinbasket", "pk": 226, "fields": {"session_key": "otjr5yebsig0hwtwhc94roh8jzn51fby", "order": null, "product": 3, "nmb": 7, "price_per_item": "9990.00", "total_price": "69930.00", "is_active": false, "created": "2017-11-13T04:37:44.424Z", "updated": "2017-11-13T04:51:52.887Z"}}, {"model": "orders.productinbasket", "pk": 227, "fields": {"session_key": "otjr5yebsig0hwtwhc94roh8jzn51fby", "order": null, "product": 3, "nmb": 4, "price_per_item": "9990.00", "total_price": "39960.00", "is_active": false, "created": "2017-11-13T04:53:01.521Z", "updated": "2017-11-13T04:53:05.232Z"}}, {"model": "orders.productinbasket", "pk": 228, "fields": {"session_key": "otjr5yebsig0hwtwhc94roh8jzn51fby", "order": null, "product": 4, "nmb": 3, "price_per_item": "26000.00", "total_price": "78000.00", "is_active": false, "created": "2017-11-13T04:53:12.439Z", "updated": "2017-11-13T04:53:12.439Z"}}, {"model": "orders.productinbasket", "pk": 229, "fields": {"session_key": "otjr5yebsig0hwtwhc94roh8jzn51fby", "order": null, "product": 3, "nmb": 2, "price_per_item": "9990.00", "total_price": "19980.00", "is_active": false, "created": "2017-11-13T05:08:16.040Z", "updated": "2017-11-13T05:08:16.040Z"}}, {"model": "orders.productinbasket", "pk": 230, "fields": {"session_key": "otjr5yebsig0hwtwhc94roh8jzn51fby", "order": null, "product": 4, "nmb": 2, "price_per_item": "26000.00", "total_price": "52000.00", "is_active": false, "created": "2017-11-13T05:08:27.557Z", "updated": "2017-11-13T05:08:27.557Z"}}, {"model": "orders.productinbasket", "pk": 231, "fields": {"session_key": "otjr5yebsig0hwtwhc94roh8jzn51fby", "order": null, "product": 4, "nmb": 2, "price_per_item": "26000.00", "total_price": "52000.00", "is_active": false, "created": "2017-11-13T05:08:56.715Z", "updated": "2017-11-13T05:08:56.715Z"}}, {"model": "orders.productinbasket", "pk": 232, "fields": {"session_key": "otjr5yebsig0hwtwhc94roh8jzn51fby", "order": null, "product": 1, "nmb": 3, "price_per_item": "15000.06", "total_price": "45000.18", "is_active": false, "created": "2017-11-13T05:09:06.152Z", "updated": "2017-11-13T05:09:06.152Z"}}, {"model": "orders.productinbasket", "pk": 233, "fields": {"session_key": "otjr5yebsig0hwtwhc94roh8jzn51fby", "order": null, "product": 1, "nmb": 3, "price_per_item": "15000.06", "total_price": "45000.18", "is_active": false, "created": "2017-11-13T05:09:37.173Z", "updated": "2017-11-13T05:09:37.173Z"}}, {"model": "orders.productinbasket", "pk": 234, "fields": {"session_key": "otjr5yebsig0hwtwhc94roh8jzn51fby", "order": null, "product": 4, "nmb": 3, "price_per_item": "26000.00", "total_price": "78000.00", "is_active": false, "created": "2017-11-13T05:09:45.955Z", "updated": "2017-11-13T05:13:51.231Z"}}, {"model": "orders.productinbasket", "pk": 235, "fields": {"session_key": "otjr5yebsig0hwtwhc94roh8jzn51fby", "order": null, "product": 2, "nmb": 1, "price_per_item": "9990.00", "total_price": "9990.00", "is_active": false, "created": "2017-11-13T05:20:42.089Z", "updated": "2017-11-13T05:20:42.089Z"}}, {"model": "orders.productinbasket", "pk": 236, "fields": {"session_key": "otjr5yebsig0hwtwhc94roh8jzn51fby", "order": null, "product": 4, "nmb": 3, "price_per_item": "26000.00", "total_price": "78000.00", "is_active": false, "created": "2017-11-13T05:21:37.497Z", "updated": "2017-11-13T05:22:13.262Z"}}, {"model": "orders.productinbasket", "pk": 237, "fields": {"session_key": "otjr5yebsig0hwtwhc94roh8jzn51fby", "order": null, "product": 2, "nmb": 2, "price_per_item": "9990.00", "total_price": "19980.00", "is_active": false, "created": "2017-11-13T05:22:25.430Z", "updated": "2017-11-13T05:22:25.430Z"}}, {"model": "orders.productinbasket", "pk": 238, "fields": {"session_key": "otjr5yebsig0hwtwhc94roh8jzn51fby", "order": null, "product": 4, "nmb": 2, "price_per_item": "26000.00", "total_price": "52000.00", "is_active": false, "created": "2017-11-13T05:33:52.279Z", "updated": "2017-11-13T05:33:52.279Z"}}, {"model": "orders.productinbasket", "pk": 239, "fields": {"session_key": "otjr5yebsig0hwtwhc94roh8jzn51fby", "order": null, "product": 3, "nmb": 2, "price_per_item": "9990.00", "total_price": "19980.00", "is_active": false, "created": "2017-11-13T05:34:22.264Z", "updated": "2017-11-13T05:34:22.264Z"}}, {"model": "orders.productinbasket", "pk": 240, "fields": {"session_key": "otjr5yebsig0hwtwhc94roh8jzn51fby", "order": null, "product": 3, "nmb": 8, "price_per_item": "9990.00", "total_price": "79920.00", "is_active": false, "created": "2017-11-13T05:35:08.329Z", "updated": "2017-11-13T05:40:35.483Z"}}, {"model": "orders.productinbasket", "pk": 241, "fields": {"session_key": "otjr5yebsig0hwtwhc94roh8jzn51fby", "order": null, "product": 3, "nmb": 2, "price_per_item": "9990.00", "total_price": "19980.00", "is_active": false, "created": "2017-11-13T07:25:18.776Z", "updated": "2017-11-13T07:25:18.776Z"}}, {"model": "orders.productinbasket", "pk": 242, "fields": {"session_key": "otjr5yebsig0hwtwhc94roh8jzn51fby", "order": null, "product": 4, "nmb": 43, "price_per_item": "26000.00", "total_price": "1118000.00", "is_active": false, "created": "2017-11-14T10:01:56.077Z", "updated": "2017-11-14T10:41:12.431Z"}}, {"model": "orders.productinbasket", "pk": 243, "fields": {"session_key": "otjr5yebsig0hwtwhc94roh8jzn51fby", "order": null, "product": 3, "nmb": 1, "price_per_item": "9990.00", "total_price": "9990.00", "is_active": false, "created": "2017-11-14T10:41:26.387Z", "updated": "2017-11-14T10:41:26.387Z"}}, {"model": "orders.productinbasket", "pk": 244, "fields": {"session_key": "otjr5yebsig0hwtwhc94roh8jzn51fby", "order": 24, "product": 7, "nmb": 3, "price_per_item": "15000.00", "total_price": "45000.00", "is_active": true, "created": "2017-11-14T11:22:51.735Z", "updated": "2017-11-14T11:24:15.459Z"}}, {"model": "orders.productinbasket", "pk": 245, "fields": {"session_key": "otjr5yebsig0hwtwhc94roh8jzn51fby", "order": 24, "product": 1, "nmb": 3, "price_per_item": "15000.06", "total_price": "45000.18", "is_active": true, "created": "2017-11-14T11:23:21.908Z", "updated": "2017-11-14T11:24:15.837Z"}}, {"model": "orders.productinbasket", "pk": 246, "fields": {"session_key": "q2t4gfbd78c1y9zicysazpzdfejhqmom", "order": null, "product": 3, "nmb": 1, "price_per_item": "9990.00", "total_price": "9990.00", "is_active": false, "created": "2017-11-14T13:55:07.836Z", "updated": "2017-11-14T13:55:07.836Z"}}, {"model": "orders.productinbasket", "pk": 247, "fields": {"session_key": "q2t4gfbd78c1y9zicysazpzdfejhqmom", "order": null, "product": 3, "nmb": 1, "price_per_item": "9990.00", "total_price": "9990.00", "is_active": false, "created": "2017-11-14T14:14:11.046Z", "updated": "2017-11-14T14:14:11.047Z"}}, {"model": "orders.productinbasket", "pk": 248, "fields": {"session_key": "q2t4gfbd78c1y9zicysazpzdfejhqmom", "order": null, "product": 3, "nmb": 1, "price_per_item": "9990.00", "total_price": "9990.00", "is_active": false, "created": "2017-11-14T14:19:12.476Z", "updated": "2017-11-14T14:19:12.476Z"}}, {"model": "orders.productinbasket", "pk": 249, "fields": {"session_key": "q2t4gfbd78c1y9zicysazpzdfejhqmom", "order": null, "product": 3, "nmb": 1, "price_per_item": "9990.00", "total_price": "9990.00", "is_active": false, "created": "2017-11-14T15:12:35.343Z", "updated": "2017-11-14T15:12:35.344Z"}}, {"model": "orders.productinbasket", "pk": 250, "fields": {"session_key": "q2t4gfbd78c1y9zicysazpzdfejhqmom", "order": null, "product": 2, "nmb": 1, "price_per_item": "9990.00", "total_price": "9990.00", "is_active": false, "created": "2017-11-14T15:19:12.545Z", "updated": "2017-11-14T15:19:12.546Z"}}, {"model": "orders.productinbasket", "pk": 251, "fields": {"session_key": "q2t4gfbd78c1y9zicysazpzdfejhqmom", "order": null, "product": 2, "nmb": 3, "price_per_item": "9990.00", "total_price": "29970.00", "is_active": false, "created": "2017-11-14T17:44:22.542Z", "updated": "2017-11-14T17:44:22.542Z"}}, {"model": "orders.productinbasket", "pk": 252, "fields": {"session_key": "q2t4gfbd78c1y9zicysazpzdfejhqmom", "order": null, "product": 2, "nmb": 30, "price_per_item": "9990.00", "total_price": "299700.00", "is_active": false, "created": "2017-11-14T17:45:17.993Z", "updated": "2017-11-14T17:48:04.952Z"}}, {"model": "orders.productinbasket", "pk": 253, "fields": {"session_key": "q2t4gfbd78c1y9zicysazpzdfejhqmom", "order": null, "product": 2, "nmb": 1, "price_per_item": "9990.00", "total_price": "9990.00", "is_active": false, "created": "2017-11-14T17:52:12.393Z", "updated": "2017-11-14T17:52:12.393Z"}}, {"model": "orders.productinbasket", "pk": 254, "fields": {"session_key": "q2t4gfbd78c1y9zicysazpzdfejhqmom", "order": null, "product": 4, "nmb": 2, "price_per_item": "26000.00", "total_price": "52000.00", "is_active": false, "created": "2017-11-14T20:47:35.578Z", "updated": "2017-11-14T20:47:35.578Z"}}, {"model": "orders.productinbasket", "pk": 255, "fields": {"session_key": "q2t4gfbd78c1y9zicysazpzdfejhqmom", "order": null, "product": 3, "nmb": 2, "price_per_item": "9990.00", "total_price": "19980.00", "is_active": false, "created": "2017-11-16T14:28:32.200Z", "updated": "2017-11-16T14:28:40.371Z"}}, {"model": "orders.productinbasket", "pk": 256, "fields": {"session_key": "q2t4gfbd78c1y9zicysazpzdfejhqmom", "order": null, "product": 2, "nmb": 1, "price_per_item": "9990.00", "total_price": "9990.00", "is_active": false, "created": "2017-11-16T15:15:52.490Z", "updated": "2017-11-16T15:15:52.490Z"}}, {"model": "orders.productinbasket", "pk": 257, "fields": {"session_key": "q2t4gfbd78c1y9zicysazpzdfejhqmom", "order": null, "product": 3, "nmb": 1, "price_per_item": "9990.00", "total_price": "9990.00", "is_active": false, "created": "2017-11-17T11:22:57.955Z", "updated": "2017-11-17T11:22:57.955Z"}}, {"model": "orders.productinbasket", "pk": 258, "fields": {"session_key": "q2t4gfbd78c1y9zicysazpzdfejhqmom", "order": null, "product": 3, "nmb": 7, "price_per_item": "9990.00", "total_price": "69930.00", "is_active": false, "created": "2017-11-17T11:27:47.760Z", "updated": "2017-11-17T11:28:05.406Z"}}, {"model": "orders.productinbasket", "pk": 259, "fields": {"session_key": "q2t4gfbd78c1y9zicysazpzdfejhqmom", "order": null, "product": 3, "nmb": 6, "price_per_item": "9990.00", "total_price": "59940.00", "is_active": false, "created": "2017-11-17T11:28:28.033Z", "updated": "2017-11-17T11:28:46.457Z"}}, {"model": "orders.productinbasket", "pk": 260, "fields": {"session_key": "q2t4gfbd78c1y9zicysazpzdfejhqmom", "order": null, "product": 3, "nmb": 6, "price_per_item": "9990.00", "total_price": "59940.00", "is_active": false, "created": "2017-11-17T11:32:50.557Z", "updated": "2017-11-17T11:33:04.926Z"}}, {"model": "orders.productinbasket", "pk": 261, "fields": {"session_key": "q2t4gfbd78c1y9zicysazpzdfejhqmom", "order": null, "product": 3, "nmb": 3, "price_per_item": "9990.00", "total_price": "29970.00", "is_active": false, "created": "2017-11-17T11:33:46.428Z", "updated": "2017-11-17T11:33:46.428Z"}}, {"model": "orders.productinbasket", "pk": 262, "fields": {"session_key": "q2t4gfbd78c1y9zicysazpzdfejhqmom", "order": null, "product": 3, "nmb": 3, "price_per_item": "9990.00", "total_price": "29970.00", "is_active": false, "created": "2017-11-17T11:36:35.259Z", "updated": "2017-11-17T11:36:35.259Z"}}, {"model": "orders.productinbasket", "pk": 263, "fields": {"session_key": "q2t4gfbd78c1y9zicysazpzdfejhqmom", "order": null, "product": 3, "nmb": 3, "price_per_item": "9990.00", "total_price": "29970.00", "is_active": false, "created": "2017-11-17T11:37:46.725Z", "updated": "2017-11-17T11:37:46.725Z"}}, {"model": "orders.productinbasket", "pk": 264, "fields": {"session_key": "q2t4gfbd78c1y9zicysazpzdfejhqmom", "order": null, "product": 3, "nmb": 3, "price_per_item": "9990.00", "total_price": "29970.00", "is_active": false, "created": "2017-11-17T11:40:28.475Z", "updated": "2017-11-17T11:40:28.475Z"}}, {"model": "orders.productinbasket", "pk": 265, "fields": {"session_key": "q2t4gfbd78c1y9zicysazpzdfejhqmom", "order": null, "product": 3, "nmb": 3, "price_per_item": "9990.00", "total_price": "29970.00", "is_active": false, "created": "2017-11-17T11:42:17.984Z", "updated": "2017-11-17T11:42:17.984Z"}}, {"model": "orders.productinbasket", "pk": 266, "fields": {"session_key": "q2t4gfbd78c1y9zicysazpzdfejhqmom", "order": null, "product": 3, "nmb": 3, "price_per_item": "9990.00", "total_price": "29970.00", "is_active": false, "created": "2017-11-17T11:42:36.375Z", "updated": "2017-11-17T11:42:36.375Z"}}, {"model": "orders.productinbasket", "pk": 267, "fields": {"session_key": "q2t4gfbd78c1y9zicysazpzdfejhqmom", "order": null, "product": 3, "nmb": 3, "price_per_item": "9990.00", "total_price": "29970.00", "is_active": false, "created": "2017-11-17T11:43:28.233Z", "updated": "2017-11-17T11:43:28.233Z"}}, {"model": "orders.productinbasket", "pk": 268, "fields": {"session_key": "q2t4gfbd78c1y9zicysazpzdfejhqmom", "order": null, "product": 3, "nmb": 6, "price_per_item": "9990.00", "total_price": "59940.00", "is_active": false, "created": "2017-11-17T11:45:12.421Z", "updated": "2017-11-17T11:45:18.034Z"}}, {"model": "orders.productinbasket", "pk": 269, "fields": {"session_key": "q2t4gfbd78c1y9zicysazpzdfejhqmom", "order": null, "product": 3, "nmb": 3, "price_per_item": "9990.00", "total_price": "29970.00", "is_active": false, "created": "2017-11-17T11:45:54.159Z", "updated": "2017-11-17T11:45:54.159Z"}}, {"model": "orders.productinbasket", "pk": 270, "fields": {"session_key": "q2t4gfbd78c1y9zicysazpzdfejhqmom", "order": null, "product": 3, "nmb": 3, "price_per_item": "9990.00", "total_price": "29970.00", "is_active": false, "created": "2017-11-17T11:49:45.173Z", "updated": "2017-11-17T11:49:45.173Z"}}, {"model": "orders.productinbasket", "pk": 271, "fields": {"session_key": "q2t4gfbd78c1y9zicysazpzdfejhqmom", "order": null, "product": 3, "nmb": 3, "price_per_item": "9990.00", "total_price": "29970.00", "is_active": false, "created": "2017-11-17T11:50:04.694Z", "updated": "2017-11-17T11:50:04.694Z"}}, {"model": "orders.productinbasket", "pk": 272, "fields": {"session_key": "q2t4gfbd78c1y9zicysazpzdfejhqmom", "order": null, "product": 3, "nmb": 9, "price_per_item": "9990.00", "total_price": "89910.00", "is_active": false, "created": "2017-11-17T11:50:51.181Z", "updated": "2017-11-17T11:50:59.582Z"}}, {"model": "orders.productinbasket", "pk": 273, "fields": {"session_key": "q2t4gfbd78c1y9zicysazpzdfejhqmom", "order": null, "product": 3, "nmb": 3, "price_per_item": "9990.00", "total_price": "29970.00", "is_active": false, "created": "2017-11-17T11:52:36.811Z", "updated": "2017-11-17T11:52:36.811Z"}}, {"model": "orders.productinbasket", "pk": 274, "fields": {"session_key": "q2t4gfbd78c1y9zicysazpzdfejhqmom", "order": null, "product": 3, "nmb": 3, "price_per_item": "9990.00", "total_price": "29970.00", "is_active": false, "created": "2017-11-17T11:52:50.475Z", "updated": "2017-11-17T11:52:50.475Z"}}, {"model": "orders.productinbasket", "pk": 275, "fields": {"session_key": "q2t4gfbd78c1y9zicysazpzdfejhqmom", "order": null, "product": 4, "nmb": 1, "price_per_item": "26000.00", "total_price": "26000.00", "is_active": false, "created": "2017-11-17T11:53:02.755Z", "updated": "2017-11-17T11:53:02.755Z"}}, {"model": "orders.productinbasket", "pk": 276, "fields": {"session_key": "q2t4gfbd78c1y9zicysazpzdfejhqmom", "order": null, "product": 4, "nmb": 1, "price_per_item": "26000.00", "total_price": "26000.00", "is_active": false, "created": "2017-11-17T11:55:55.420Z", "updated": "2017-11-17T11:55:55.420Z"}}, {"model": "orders.productinbasket", "pk": 277, "fields": {"session_key": "q2t4gfbd78c1y9zicysazpzdfejhqmom", "order": null, "product": 4, "nmb": 1, "price_per_item": "26000.00", "total_price": "26000.00", "is_active": false, "created": "2017-11-17T11:56:34.725Z", "updated": "2017-11-17T11:56:34.725Z"}}, {"model": "orders.productinbasket", "pk": 278, "fields": {"session_key": "q2t4gfbd78c1y9zicysazpzdfejhqmom", "order": null, "product": 4, "nmb": 1, "price_per_item": "26000.00", "total_price": "26000.00", "is_active": false, "created": "2017-11-17T11:59:52.878Z", "updated": "2017-11-17T11:59:52.878Z"}}, {"model": "orders.productinbasket", "pk": 279, "fields": {"session_key": "q2t4gfbd78c1y9zicysazpzdfejhqmom", "order": null, "product": 2, "nmb": 1, "price_per_item": "9990.00", "total_price": "9990.00", "is_active": false, "created": "2017-11-17T12:01:03.488Z", "updated": "2017-11-17T12:01:03.488Z"}}, {"model": "orders.productinbasket", "pk": 280, "fields": {"session_key": "q2t4gfbd78c1y9zicysazpzdfejhqmom", "order": null, "product": 2, "nmb": 1, "price_per_item": "9990.00", "total_price": "9990.00", "is_active": false, "created": "2017-11-17T12:01:21.386Z", "updated": "2017-11-17T12:01:21.386Z"}}, {"model": "orders.productinbasket", "pk": 281, "fields": {"session_key": "q2t4gfbd78c1y9zicysazpzdfejhqmom", "order": null, "product": 2, "nmb": 1, "price_per_item": "9990.00", "total_price": "9990.00", "is_active": false, "created": "2017-11-17T12:02:02.102Z", "updated": "2017-11-17T12:02:02.102Z"}}, {"model": "orders.productinbasket", "pk": 282, "fields": {"session_key": "q2t4gfbd78c1y9zicysazpzdfejhqmom", "order": null, "product": 2, "nmb": 1, "price_per_item": "9990.00", "total_price": "9990.00", "is_active": false, "created": "2017-11-17T12:02:37.334Z", "updated": "2017-11-17T12:02:37.334Z"}}, {"model": "orders.productinbasket", "pk": 283, "fields": {"session_key": "q2t4gfbd78c1y9zicysazpzdfejhqmom", "order": null, "product": 2, "nmb": 1, "price_per_item": "9990.00", "total_price": "9990.00", "is_active": false, "created": "2017-11-17T12:04:26.613Z", "updated": "2017-11-17T12:04:26.613Z"}}, {"model": "orders.productinbasket", "pk": 284, "fields": {"session_key": "q2t4gfbd78c1y9zicysazpzdfejhqmom", "order": null, "product": 4, "nmb": 1, "price_per_item": "26000.00", "total_price": "26000.00", "is_active": false, "created": "2017-11-17T13:25:06.277Z", "updated": "2017-11-17T13:25:06.278Z"}}, {"model": "orders.productinbasket", "pk": 285, "fields": {"session_key": "q2t4gfbd78c1y9zicysazpzdfejhqmom", "order": null, "product": 3, "nmb": 1, "price_per_item": "9990.00", "total_price": "9990.00", "is_active": false, "created": "2017-11-17T13:38:02.136Z", "updated": "2017-11-17T13:38:02.136Z"}}, {"model": "orders.productinbasket", "pk": 286, "fields": {"session_key": "q2t4gfbd78c1y9zicysazpzdfejhqmom", "order": null, "product": 3, "nmb": 1, "price_per_item": "9990.00", "total_price": "9990.00", "is_active": false, "created": "2017-11-17T13:39:17.532Z", "updated": "2017-11-17T13:39:17.532Z"}}, {"model": "orders.productinbasket", "pk": 287, "fields": {"session_key": "q2t4gfbd78c1y9zicysazpzdfejhqmom", "order": null, "product": 1, "nmb": 3, "price_per_item": "15000.06", "total_price": "45000.18", "is_active": false, "created": "2017-11-17T13:39:40.280Z", "updated": "2017-11-17T13:39:40.280Z"}}, {"model": "orders.productinbasket", "pk": 288, "fields": {"session_key": "q2t4gfbd78c1y9zicysazpzdfejhqmom", "order": null, "product": 1, "nmb": 3, "price_per_item": "15000.06", "total_price": "45000.18", "is_active": false, "created": "2017-11-17T13:40:07.090Z", "updated": "2017-11-17T13:40:07.090Z"}}, {"model": "orders.productinbasket", "pk": 289, "fields": {"session_key": "q2t4gfbd78c1y9zicysazpzdfejhqmom", "order": null, "product": 2, "nmb": 3, "price_per_item": "9990.00", "total_price": "29970.00", "is_active": false, "created": "2017-11-17T13:40:20.308Z", "updated": "2017-11-17T13:40:20.308Z"}}, {"model": "orders.productinbasket", "pk": 290, "fields": {"session_key": "q2t4gfbd78c1y9zicysazpzdfejhqmom", "order": null, "product": 7, "nmb": 1, "price_per_item": "15000.00", "total_price": "15000.00", "is_active": false, "created": "2017-11-17T13:40:35.017Z", "updated": "2017-11-17T13:40:35.017Z"}}, {"model": "orders.productinbasket", "pk": 291, "fields": {"session_key": "q2t4gfbd78c1y9zicysazpzdfejhqmom", "order": null, "product": 7, "nmb": 1, "price_per_item": "15000.00", "total_price": "15000.00", "is_active": false, "created": "2017-11-17T14:27:37.106Z", "updated": "2017-11-17T14:27:37.106Z"}}, {"model": "orders.productinbasket", "pk": 292, "fields": {"session_key": "q2t4gfbd78c1y9zicysazpzdfejhqmom", "order": null, "product": 2, "nmb": 3, "price_per_item": "9990.00", "total_price": "29970.00", "is_active": false, "created": "2017-11-17T14:27:53.762Z", "updated": "2017-11-17T14:55:02.653Z"}}, {"model": "orders.productinbasket", "pk": 293, "fields": {"session_key": "q2t4gfbd78c1y9zicysazpzdfejhqmom", "order": null, "product": 1, "nmb": 1, "price_per_item": "15000.06", "total_price": "15000.06", "is_active": false, "created": "2017-11-17T14:55:16.893Z", "updated": "2017-11-17T14:55:16.893Z"}}, {"model": "orders.productinbasket", "pk": 294, "fields": {"session_key": "q2t4gfbd78c1y9zicysazpzdfejhqmom", "order": null, "product": 3, "nmb": 1, "price_per_item": "9990.00", "total_price": "9990.00", "is_active": false, "created": "2017-11-17T15:05:49.014Z", "updated": "2017-11-17T15:05:49.014Z"}}, {"model": "orders.productinbasket", "pk": 295, "fields": {"session_key": "q2t4gfbd78c1y9zicysazpzdfejhqmom", "order": null, "product": 3, "nmb": 1, "price_per_item": "9990.00", "total_price": "9990.00", "is_active": false, "created": "2017-11-17T15:07:01.079Z", "updated": "2017-11-17T15:07:01.079Z"}}, {"model": "orders.productinbasket", "pk": 296, "fields": {"session_key": "q2t4gfbd78c1y9zicysazpzdfejhqmom", "order": null, "product": 3, "nmb": 1, "price_per_item": "9990.00", "total_price": "9990.00", "is_active": false, "created": "2017-11-17T15:08:07.899Z", "updated": "2017-11-17T15:08:07.899Z"}}, {"model": "orders.productinbasket", "pk": 297, "fields": {"session_key": "q2t4gfbd78c1y9zicysazpzdfejhqmom", "order": null, "product": 2, "nmb": 1, "price_per_item": "9990.00", "total_price": "9990.00", "is_active": false, "created": "2017-11-17T15:47:34.830Z", "updated": "2017-11-17T15:47:34.830Z"}}, {"model": "orders.productinbasket", "pk": 298, "fields": {"session_key": "q2t4gfbd78c1y9zicysazpzdfejhqmom", "order": null, "product": 7, "nmb": 3, "price_per_item": "15000.00", "total_price": "45000.00", "is_active": false, "created": "2017-11-17T15:54:46.083Z", "updated": "2017-11-17T15:54:46.083Z"}}, {"model": "orders.productinbasket", "pk": 299, "fields": {"session_key": "q2t4gfbd78c1y9zicysazpzdfejhqmom", "order": null, "product": 2, "nmb": 1, "price_per_item": "9990.00", "total_price": "9990.00", "is_active": false, "created": "2017-11-17T18:15:39.433Z", "updated": "2017-11-17T18:15:39.433Z"}}, {"model": "orders.productinbasket", "pk": 300, "fields": {"session_key": "q2t4gfbd78c1y9zicysazpzdfejhqmom", "order": null, "product": 2, "nmb": 2, "price_per_item": "9990.00", "total_price": "19980.00", "is_active": false, "created": "2017-11-17T18:22:00.384Z", "updated": "2017-11-17T18:22:08.804Z"}}, {"model": "orders.productinbasket", "pk": 301, "fields": {"session_key": "q2t4gfbd78c1y9zicysazpzdfejhqmom", "order": null, "product": 2, "nmb": 1, "price_per_item": "9990.00", "total_price": "9990.00", "is_active": false, "created": "2017-11-17T18:22:14.146Z", "updated": "2017-11-17T18:22:20.308Z"}}, {"model": "orders.productinbasket", "pk": 302, "fields": {"session_key": "q2t4gfbd78c1y9zicysazpzdfejhqmom", "order": null, "product": 2, "nmb": 1, "price_per_item": "9990.00", "total_price": "9990.00", "is_active": false, "created": "2017-11-17T18:57:48.073Z", "updated": "2017-11-17T18:57:48.073Z"}}, {"model": "orders.productinbasket", "pk": 303, "fields": {"session_key": "q2t4gfbd78c1y9zicysazpzdfejhqmom", "order": null, "product": 1, "nmb": 1, "price_per_item": "15000.06", "total_price": "15000.06", "is_active": false, "created": "2017-11-17T19:07:09.575Z", "updated": "2017-11-17T19:07:09.575Z"}}, {"model": "orders.productinbasket", "pk": 304, "fields": {"session_key": "q2t4gfbd78c1y9zicysazpzdfejhqmom", "order": null, "product": 1, "nmb": 5, "price_per_item": "15000.06", "total_price": "75000.30", "is_active": false, "created": "2017-11-17T19:08:53.746Z", "updated": "2017-11-17T20:41:18.740Z"}}, {"model": "orders.productinbasket", "pk": 305, "fields": {"session_key": "q2t4gfbd78c1y9zicysazpzdfejhqmom", "order": null, "product": 1, "nmb": 1, "price_per_item": "15000.06", "total_price": "15000.06", "is_active": false, "created": "2017-11-17T20:42:39.403Z", "updated": "2017-11-17T20:42:39.403Z"}}, {"model": "orders.productinbasket", "pk": 306, "fields": {"session_key": "q2t4gfbd78c1y9zicysazpzdfejhqmom", "order": null, "product": 1, "nmb": 1, "price_per_item": "15000.06", "total_price": "15000.06", "is_active": false, "created": "2017-11-17T20:52:52.565Z", "updated": "2017-11-17T20:52:52.565Z"}}, {"model": "orders.productinbasket", "pk": 307, "fields": {"session_key": "q2t4gfbd78c1y9zicysazpzdfejhqmom", "order": null, "product": 1, "nmb": 1, "price_per_item": "15000.06", "total_price": "15000.06", "is_active": false, "created": "2017-11-17T21:06:37.925Z", "updated": "2017-11-17T21:06:37.925Z"}}, {"model": "orders.productinbasket", "pk": 308, "fields": {"session_key": "q2t4gfbd78c1y9zicysazpzdfejhqmom", "order": null, "product": 1, "nmb": 1, "price_per_item": "15000.06", "total_price": "15000.06", "is_active": false, "created": "2017-11-20T14:29:52.351Z", "updated": "2017-11-20T14:29:52.351Z"}}, {"model": "orders.productinbasket", "pk": 309, "fields": {"session_key": "9vqqvwuzy8ep1jvdmf536i8cm83ujj0q", "order": null, "product": 2, "nmb": 1, "price_per_item": "9990.00", "total_price": "9990.00", "is_active": false, "created": "2017-11-23T16:44:58.045Z", "updated": "2017-11-23T16:44:58.045Z"}}, {"model": "orders.productinbasket", "pk": 310, "fields": {"session_key": "3y2jemy4qjjsof07yemw7ss1zoyouchp", "order": null, "product": 6, "nmb": 1, "price_per_item": "15000.00", "total_price": "15000.00", "is_active": false, "created": "2017-12-02T04:46:36.539Z", "updated": "2017-12-02T04:46:36.539Z"}}, {"model": "orders.productinbasket", "pk": 311, "fields": {"session_key": "3y2jemy4qjjsof07yemw7ss1zoyouchp", "order": null, "product": 2, "nmb": 1, "price_per_item": "9990.00", "total_price": "9990.00", "is_active": false, "created": "2017-12-02T04:55:25.524Z", "updated": "2017-12-02T04:55:25.524Z"}}, {"model": "orders.productinbasket", "pk": 312, "fields": {"session_key": "3y2jemy4qjjsof07yemw7ss1zoyouchp", "order": null, "product": 2, "nmb": 6, "price_per_item": "9990.00", "total_price": "59940.00", "is_active": false, "created": "2017-12-10T09:24:58.787Z", "updated": "2017-12-10T10:10:20.761Z"}}, {"model": "orders.productinbasket", "pk": 313, "fields": {"session_key": "3y2jemy4qjjsof07yemw7ss1zoyouchp", "order": null, "product": 2, "nmb": 1, "price_per_item": "9990.00", "total_price": "9990.00", "is_active": false, "created": "2017-12-10T10:29:35.275Z", "updated": "2017-12-10T10:29:35.275Z"}}, {"model": "orders.productinbasket", "pk": 314, "fields": {"session_key": "3y2jemy4qjjsof07yemw7ss1zoyouchp", "order": null, "product": 2, "nmb": 1, "price_per_item": "9990.00", "total_price": "9990.00", "is_active": false, "created": "2017-12-11T19:42:06.852Z", "updated": "2017-12-11T19:42:06.852Z"}}, {"model": "blog.post", "pk": 2, "fields": {"title": "\u0411\u043b\u043e\u0433 - \u0441\u0440\u0435\u0434\u0441\u0442\u0432\u043e \u043c\u0430\u0441\u0441\u043e\u0432\u043e\u0439 \u0438\u043d\u0444\u043e\u0440\u043c\u0430\u0446\u0438\u0438?", "datetime": "2017-12-22T05:29:08Z", "content": "\u041c\u043d\u0435, \u043a\u0430\u043a \u0447\u0435\u043b\u043e\u0432\u0435\u043a\u0443, \u043c\u043d\u043e\u0433\u043e \u0432\u0440\u0435\u043c\u0435\u043d\u0438 \u043f\u0440\u043e\u0432\u043e\u0434\u044f\u0449\u0435\u043c\u0443 \u0432 \u0438\u043d\u0442\u0435\u0440\u043d\u0435\u0442\u0430\u0445, \u0441\u0442\u0430\u043b\u043e \u0438\u043d\u0442\u0435\u0440\u0435\u0441\u043d\u043e, \u044f\u0432\u043b\u044f\u0435\u0442\u0441\u044f \u043b\u0438 \u0441\u0430\u043c\u044b\u0439 \u043e\u0431\u044b\u043a\u043d\u043e\u0432\u0435\u043d\u043d\u044b\u0439 \u0431\u043b\u043e\u0433 - \u0441\u0440\u0435\u0434\u0441\u0442\u0432\u043e\u043c \u043c\u0430\u0441\u0441\u043e\u0432\u043e\u0439 \u0438\u043d\u0444\u043e\u0440\u043c\u0430\u0446\u0438\u0438? \u041e\u0442\u0432\u0435\u0442 - \u043d\u0435 \u044f\u0432\u043b\u044f\u0435\u0442\u0441\u044f! \u041f\u043e\u0447\u0435\u043c\u0443, \u0441\u043f\u0440\u0430\u0448\u0438\u0432\u0430\u0435\u0442\u0435 \u0432\u044b? \u0414\u0430 \u043f\u043e\u0442\u043e\u043c\u0443, \u0447\u0442\u043e \u0432\u044b, \u043a\u0430\u043a \u0438 \u044f, \u043c\u0430\u043b\u043e \u0438\u043d\u0442\u0435\u0440\u0435\u0441\u0443\u0435\u0442\u0435\u0441\u044c \u043f\u043e\u043b\u0438\u0442\u0438\u043a\u043e\u0439. \u0420\u0435\u0448\u0430\u044e \u0440\u0430\u0437 \u0438 \u043d\u0430\u0432\u0441\u0435\u0433\u0434\u0430 \u0440\u0430\u0437\u043e\u0431\u0440\u0430\u0442\u044c\u0441\u044f \u0432 \u044d\u0442\u043e\u043c \u0432\u043e\u043f\u0440\u043e\u0441\u0435, \u0431\u043b\u043e\u0433 - \u044d\u0442\u043e \u0421\u041c\u0418 \u0438\u043b\u0438 \u043d\u0435\u0442. \u041f\u043e\u0438\u0441\u043a \u043d\u0430 \u043c\u043e\u0439 \u0437\u0430\u043f\u0440\u043e\u0441 \u0432\u044b\u0434\u0430\u0435\u0442 \u0441\u0442\u0430\u0442\u044c\u044e 2. \"\u0421\u0440\u0435\u0434\u0441\u0442\u0432\u0430 \u043c\u0430\u0441\u0441\u043e\u0432\u043e\u0439 \u0438\u043d\u0444\u043e\u0440\u043c\u0430\u0446\u0438\u0438. \u041e\u0441\u043d\u043e\u0432\u043d\u044b\u0435 \u043f\u043e\u043d\u044f\u0442\u0438\u044f. \u041f\u043e\u0441\u043b\u0435\u0434\u043d\u044f\u044f \u0440\u0435\u0434\u0430\u043a\u0446\u0438\u044f \u043e\u0442 25.11.2017\". \u041c\u0434\u0430.. \u0415\u0449\u0435 \u043d\u0435 \u043f\u0440\u043e\u0448\u0435\u043b \u0438 \u043c\u0435\u0441\u044f\u0446.. \u041d\u043e \u0443\u0434\u0438\u0432\u043b\u044f\u0442\u044c\u0441\u044f \u043d\u0435 \u0441\u0442\u043e\u0438\u0442 - \u0432 \u0431\u044b\u0441\u0442\u0440\u043e \u043c\u0435\u043d\u044f\u044e\u0449\u0435\u043c\u0441\u044f \u043c\u0435\u0434\u0438\u0430\u043f\u0440\u043e\u0441\u0442\u0440\u0430\u043d\u0441\u0442\u0432\u0435, \u0437\u0430\u043a\u043e\u043d\u043e\u0434\u0430\u0442\u0435\u043b\u0438 \u0434\u043e\u043b\u0436\u043d\u044b \u0448\u0430\u0433\u0430\u0442\u044c \u0432 \u043d\u043e\u0433\u0443 \u0441\u043e \u0432\u0440\u0435\u043c\u0435\u043d\u0435\u043c, \u0432\u0435\u0434\u044c \u043e\u0431\u0435\u0441\u043f\u0435\u0447\u0435\u043d\u0438\u0435 \u043f\u0440\u0430\u0432\u043e\u043f\u043e\u0440\u044f\u0434\u043a\u0430, \u044f\u0432\u043b\u044f\u0435\u0442\u0441\u044f \u043e\u0434\u043d\u0438\u043c \u0438\u0437 \u043e\u0441\u043d\u043e\u0432\u043d\u044b\u0445 \u0444\u0443\u043d\u043a\u0446\u0438\u0439 \u043b\u044e\u0431\u043e\u0433\u043e \u0433\u043e\u0441\u0443\u0434\u0430\u0440\u0441\u0442\u0432\u0430. \u041d\u043e \u0432\u0435\u0440\u043d\u0435\u043c\u0441\u044f \u043a \u043d\u0430\u0448\u0435\u0439 \u0442\u0435\u043c\u0435: \u043a\u0440\u0438\u0442\u0435\u0440\u0438\u0435\u043c \u043f\u0440\u0438\u0437\u043d\u0430\u043d\u0438\u044f \u0440\u0435\u0441\u0443\u0440\u0441\u0430 \u0441\u0440\u0435\u0434\u0441\u0442\u0432\u043e\u043c \u043c\u0430\u0441\u0441\u043e\u0432\u043e\u0439 \u0438\u043d\u0444\u043e\u0440\u043c\u0430\u0446\u0438\u0438 \u044f\u0432\u043b\u044f\u0435\u0442\u0441\u044f \u0441\u043e\u0431\u043b\u044e\u0434\u0435\u043d\u0438\u0435 \u043d\u0435\u043a\u043e\u0442\u043e\u0440\u044b\u0445 \u0443\u0441\u043b\u043e\u0432\u0438\u0439-\u043f\u0435\u0440\u0438\u043e\u0434\u0438\u0447\u043d\u043e\u0441\u0442\u044c, \u043c\u0430\u0441\u0441\u043e\u0432\u043e\u0441\u0442\u044c, \u043c\u0435\u0442\u043e\u0434\u044b \u0438\u043d\u0444\u043e\u0440\u043c\u0438\u0440\u043e\u0432\u0430\u043d\u0438\u044f. \u0412 \u0446\u0435\u043b\u043e\u043c, \u043d\u0430 \u0441\u0435\u0433\u043e\u0434\u043d\u044f\u0448\u043d\u0438\u0439 \u0434\u0435\u043d\u044c, \u0437\u0430\u043a\u043e\u043d\u043e\u0434\u0430\u0442\u0435\u043b\u044c\u043d\u0430\u044f \u0431\u0430\u0437\u0430 \u0447\u0435\u0442\u043a\u043e \u0440\u0435\u0433\u043b\u0430\u043c\u0435\u043d\u0442\u0438\u0440\u0443\u044e\u0449\u0430\u044f \u043f\u0440\u0430\u0432\u0430 \u0438 \u043e\u0431\u044f\u0437\u0430\u043d\u043d\u043e\u0441\u0442\u0438 \u0431\u043b\u043e\u0433\u0435\u0440\u043e\u0432, \u043e\u0442\u0441\u0443\u0442\u0441\u0442\u0432\u0443\u0435\u0442. \u041d\u043e \u0432\u0441\u0435 \u043c\u0435\u043d\u044f\u0435\u0442\u0441\u044f \u0438 \u043d\u0430\u0434\u0435\u044e\u0441\u044c, \u0432 \u0431\u043b\u0438\u0436\u0430\u0439\u0448\u0435\u043c \u0431\u0443\u0434\u0443\u0449\u0435\u043c, \u0441\u0438\u0442\u0443\u0430\u0446\u0438\u044f \u0438\u0437\u043c\u0435\u043d\u0438\u0442\u0441\u044f \u0432 \u043b\u0443\u0447\u0448\u0443\u044e \u0441\u0442\u043e\u0440\u043e\u043d\u0443."}}, {"model": "auth.permission", "pk": 1, "fields": {"name": "Can add log entry", "content_type": 1, "codename": "add_logentry"}}, {"model": "auth.permission", "pk": 2, "fields": {"name": "Can change log entry", "content_type": 1, "codename": "change_logentry"}}, {"model": "auth.permission", "pk": 3, "fields": {"name": "Can delete log entry", "content_type": 1, "codename": "delete_logentry"}}, {"model": "auth.permission", "pk": 4, "fields": {"name": "Can add permission", "content_type": 2, "codename": "add_permission"}}, {"model": "auth.permission", "pk": 5, "fields": {"name": "Can change permission", "content_type": 2, "codename": "change_permission"}}, {"model": "auth.permission", "pk": 6, "fields": {"name": "Can delete permission", "content_type": 2, "codename": "delete_permission"}}, {"model": "auth.permission", "pk": 7, "fields": {"name": "Can add group", "content_type": 3, "codename": "add_group"}}, {"model": "auth.permission", "pk": 8, "fields": {"name": "Can change group", "content_type": 3, "codename": "change_group"}}, {"model": "auth.permission", "pk": 9, "fields": {"name": "Can delete group", "content_type": 3, "codename": "delete_group"}}, {"model": "auth.permission", "pk": 10, "fields": {"name": "Can add user", "content_type": 4, "codename": "add_user"}}, {"model": "auth.permission", "pk": 11, "fields": {"name": "Can change user", "content_type": 4, "codename": "change_user"}}, {"model": "auth.permission", "pk": 12, "fields": {"name": "Can delete user", "content_type": 4, "codename": "delete_user"}}, {"model": "auth.permission", "pk": 13, "fields": {"name": "Can add content type", "content_type": 5, "codename": "add_contenttype"}}, {"model": "auth.permission", "pk": 14, "fields": {"name": "Can change content type", "content_type": 5, "codename": "change_contenttype"}}, {"model": "auth.permission", "pk": 15, "fields": {"name": "Can delete content type", "content_type": 5, "codename": "delete_contenttype"}}, {"model": "auth.permission", "pk": 16, "fields": {"name": "Can add session", "content_type": 6, "codename": "add_session"}}, {"model": "auth.permission", "pk": 17, "fields": {"name": "Can change session", "content_type": 6, "codename": "change_session"}}, {"model": "auth.permission", "pk": 18, "fields": {"name": "Can delete session", "content_type": 6, "codename": "delete_session"}}, {"model": "auth.permission", "pk": 19, "fields": {"name": "Can add subscribers", "content_type": 7, "codename": "add_subscribers"}}, {"model": "auth.permission", "pk": 20, "fields": {"name": "Can change subscribers", "content_type": 7, "codename": "change_subscribers"}}, {"model": "auth.permission", "pk": 21, "fields": {"name": "Can delete subscribers", "content_type": 7, "codename": "delete_subscribers"}}, {"model": "auth.permission", "pk": 22, "fields": {"name": "Can add subscriber", "content_type": 7, "codename": "add_subscriber"}}, {"model": "auth.permission", "pk": 23, "fields": {"name": "Can change subscriber", "content_type": 7, "codename": "change_subscriber"}}, {"model": "auth.permission", "pk": 24, "fields": {"name": "Can delete subscriber", "content_type": 7, "codename": "delete_subscriber"}}, {"model": "auth.permission", "pk": 25, "fields": {"name": "Can add \u0422\u043e\u0432\u0430\u0440", "content_type": 8, "codename": "add_product"}}, {"model": "auth.permission", "pk": 26, "fields": {"name": "Can change \u0422\u043e\u0432\u0430\u0440", "content_type": 8, "codename": "change_product"}}, {"model": "auth.permission", "pk": 27, "fields": {"name": "Can delete \u0422\u043e\u0432\u0430\u0440", "content_type": 8, "codename": "delete_product"}}, {"model": "auth.permission", "pk": 28, "fields": {"name": "Can add \u0424\u043e\u0442\u043e\u0433\u0440\u0430\u0444\u0438\u044f", "content_type": 9, "codename": "add_productimage"}}, {"model": "auth.permission", "pk": 29, "fields": {"name": "Can change \u0424\u043e\u0442\u043e\u0433\u0440\u0430\u0444\u0438\u044f", "content_type": 9, "codename": "change_productimage"}}, {"model": "auth.permission", "pk": 30, "fields": {"name": "Can delete \u0424\u043e\u0442\u043e\u0433\u0440\u0430\u0444\u0438\u044f", "content_type": 9, "codename": "delete_productimage"}}, {"model": "auth.permission", "pk": 31, "fields": {"name": "Can add \u0421\u0442\u0430\u0442\u0443\u0441 \u0437\u0430\u043a\u0430\u0437\u0430", "content_type": 10, "codename": "add_status"}}, {"model": "auth.permission", "pk": 32, "fields": {"name": "Can change \u0421\u0442\u0430\u0442\u0443\u0441 \u0437\u0430\u043a\u0430\u0437\u0430", "content_type": 10, "codename": "change_status"}}, {"model": "auth.permission", "pk": 33, "fields": {"name": "Can delete \u0421\u0442\u0430\u0442\u0443\u0441 \u0437\u0430\u043a\u0430\u0437\u0430", "content_type": 10, "codename": "delete_status"}}, {"model": "auth.permission", "pk": 34, "fields": {"name": "Can add \u0417\u0430\u043a\u0430\u0437", "content_type": 11, "codename": "add_order"}}, {"model": "auth.permission", "pk": 35, "fields": {"name": "Can change \u0417\u0430\u043a\u0430\u0437", "content_type": 11, "codename": "change_order"}}, {"model": "auth.permission", "pk": 36, "fields": {"name": "Can delete \u0417\u0430\u043a\u0430\u0437", "content_type": 11, "codename": "delete_order"}}, {"model": "auth.permission", "pk": 37, "fields": {"name": "Can add \u0422\u043e\u0432\u0430\u0440", "content_type": 12, "codename": "add_productinorder"}}, {"model": "auth.permission", "pk": 38, "fields": {"name": "Can change \u0422\u043e\u0432\u0430\u0440", "content_type": 12, "codename": "change_productinorder"}}, {"model": "auth.permission", "pk": 39, "fields": {"name": "Can delete \u0422\u043e\u0432\u0430\u0440", "content_type": 12, "codename": "delete_productinorder"}}, {"model": "auth.permission", "pk": 40, "fields": {"name": "Can add \u041a\u0430\u0442\u0435\u0433\u043e\u0440\u0438\u044f \u0442\u043e\u0432\u0430\u0440\u0430", "content_type": 13, "codename": "add_productcategory"}}, {"model": "auth.permission", "pk": 41, "fields": {"name": "Can change \u041a\u0430\u0442\u0435\u0433\u043e\u0440\u0438\u044f \u0442\u043e\u0432\u0430\u0440\u0430", "content_type": 13, "codename": "change_productcategory"}}, {"model": "auth.permission", "pk": 42, "fields": {"name": "Can delete \u041a\u0430\u0442\u0435\u0433\u043e\u0440\u0438\u044f \u0442\u043e\u0432\u0430\u0440\u0430", "content_type": 13, "codename": "delete_productcategory"}}, {"model": "auth.permission", "pk": 43, "fields": {"name": "Can add \u0422\u043e\u0432\u0430\u0440 \u0432 \u043a\u043e\u0440\u0437\u0438\u043d\u0435", "content_type": 14, "codename": "add_productinbasket"}}, {"model": "auth.permission", "pk": 44, "fields": {"name": "Can change \u0422\u043e\u0432\u0430\u0440 \u0432 \u043a\u043e\u0440\u0437\u0438\u043d\u0435", "content_type": 14, "codename": "change_productinbasket"}}, {"model": "auth.permission", "pk": 45, "fields": {"name": "Can delete \u0422\u043e\u0432\u0430\u0440 \u0432 \u043a\u043e\u0440\u0437\u0438\u043d\u0435", "content_type": 14, "codename": "delete_productinbasket"}}, {"model": "auth.permission", "pk": 46, "fields": {"name": "Can add post", "content_type": 16, "codename": "add_post"}}, {"model": "auth.permission", "pk": 47, "fields": {"name": "Can change post", "content_type": 16, "codename": "change_post"}}, {"model": "auth.permission", "pk": 48, "fields": {"name": "Can delete post", "content_type": 16, "codename": "delete_post"}}, {"model": "auth.permission", "pk": 49, "fields": {"name": "Can add \u0424\u043e\u0442\u043e\u0433\u0440\u0430\u0444\u0438\u044f", "content_type": 17, "codename": "add_blogimage"}}, {"model": "auth.permission", "pk": 50, "fields": {"name": "Can change \u0424\u043e\u0442\u043e\u0433\u0440\u0430\u0444\u0438\u044f", "content_type": 17, "codename": "change_blogimage"}}, {"model": "auth.permission", "pk": 51, "fields": {"name": "Can delete \u0424\u043e\u0442\u043e\u0433\u0440\u0430\u0444\u0438\u044f", "content_type": 17, "codename": "delete_blogimage"}}, {"model": "auth.permission", "pk": 52, "fields": {"name": "Can add site", "content_type": 18, "codename": "add_site"}}, {"model": "auth.permission", "pk": 53, "fields": {"name": "Can change site", "content_type": 18, "codename": "change_site"}}, {"model": "auth.permission", "pk": 54, "fields": {"name": "Can delete site", "content_type": 18, "codename": "delete_site"}}, {"model": "auth.user", "pk": 4, "fields": {"password": "pbkdf2_sha256$36000$XuwXCF6K1E5Z$zlUQ0gmwAHD1Tp0heVw44t5mdr/eDr+GXacs8GgL/lI=", "last_login": "2017-12-17T20:36:47.465Z", "is_superuser": true, "username": "admin", "first_name": "", "last_name": "", "email": "bullat2015@mail.ru", "is_staff": true, "is_active": true, "date_joined": "2017-10-28T16:06:21.033Z", "groups": [], "user_permissions": []}}, {"model": "auth.user", "pk": 5, "fields": {"password": "", "last_login": null, "is_superuser": false, "username": "8999 567473", "first_name": "TestTestTest", "last_name": "", "email": "", "is_staff": false, "is_active": true, "date_joined": "2017-10-28T16:09:45.000Z", "groups": [], "user_permissions": []}}, {"model": "auth.user", "pk": 6, "fields": {"password": "", "last_login": null, "is_superuser": false, "username": "1234567890", "first_name": "\u041a\u043e\u0434\u0438\u0432\u0443\u0430\u0440", "last_name": "", "email": "", "is_staff": false, "is_active": true, "date_joined": "2017-10-28T16:15:09.277Z", "groups": [], "user_permissions": []}}, {"model": "auth.user", "pk": 7, "fields": {"password": "", "last_login": null, "is_superuser": false, "username": "456", "first_name": "\u041a\u043e\u0434\u0438\u0432\u0443\u0430\u04402", "last_name": "", "email": "", "is_staff": false, "is_active": true, "date_joined": "2017-10-28T16:20:29.143Z", "groups": [], "user_permissions": []}}, {"model": "auth.user", "pk": 8, "fields": {"password": "", "last_login": null, "is_superuser": false, "username": "456789", "first_name": "\u041a\u043e\u0434\u0438\u0432\u0443\u0430\u04403", "last_name": "", "email": "", "is_staff": false, "is_active": true, "date_joined": "2017-10-28T16:27:11.612Z", "groups": [], "user_permissions": []}}, {"model": "auth.user", "pk": 9, "fields": {"password": "", "last_login": null, "is_superuser": false, "username": "890", "first_name": "Ivan", "last_name": "", "email": "", "is_staff": false, "is_active": true, "date_joined": "2017-10-28T17:56:51.195Z", "groups": [], "user_permissions": []}}, {"model": "auth.user", "pk": 10, "fields": {"password": "", "last_login": null, "is_superuser": false, "username": "8900", "first_name": "Ivan2", "last_name": "", "email": "", "is_staff": false, "is_active": true, "date_joined": "2017-10-28T17:59:10.439Z", "groups": [], "user_permissions": []}}, {"model": "auth.user", "pk": 11, "fields": {"password": "", "last_login": null, "is_superuser": false, "username": "001", "first_name": "12", "last_name": "", "email": "", "is_staff": false, "is_active": true, "date_joined": "2017-10-28T18:00:42.020Z", "groups": [], "user_permissions": []}}, {"model": "auth.user", "pk": 12, "fields": {"password": "", "last_login": null, "is_superuser": false, "username": "0012", "first_name": "122", "last_name": "", "email": "", "is_staff": false, "is_active": true, "date_joined": "2017-10-28T18:01:35.420Z", "groups": [], "user_permissions": []}}, {"model": "auth.user", "pk": 13, "fields": {"password": "", "last_login": null, "is_superuser": false, "username": "00122", "first_name": "1222", "last_name": "", "email": "", "is_staff": false, "is_active": true, "date_joined": "2017-10-28T18:03:19.051Z", "groups": [], "user_permissions": []}}, {"model": "auth.user", "pk": 14, "fields": {"password": "", "last_login": null, "is_superuser": false, "username": "2222222222", "first_name": "11111111111", "last_name": "", "email": "", "is_staff": false, "is_active": true, "date_joined": "2017-10-28T19:21:34.810Z", "groups": [], "user_permissions": []}}, {"model": "auth.user", "pk": 15, "fields": {"password": "", "last_login": null, "is_superuser": false, "username": "+79045671842", "first_name": "GoldTeam", "last_name": "", "email": "", "is_staff": false, "is_active": true, "date_joined": "2017-11-04T02:07:21.018Z", "groups": [], "user_permissions": []}}, {"model": "auth.user", "pk": 16, "fields": {"password": "", "last_login": null, "is_superuser": false, "username": "9999999999", "first_name": "GoldTeam2", "last_name": "", "email": "", "is_staff": false, "is_active": true, "date_joined": "2017-11-04T02:16:17.379Z", "groups": [], "user_permissions": []}}, {"model": "auth.user", "pk": 17, "fields": {"password": "", "last_login": null, "is_superuser": false, "username": "22", "first_name": "22", "last_name": "", "email": "", "is_staff": false, "is_active": true, "date_joined": "2017-11-04T10:50:57.212Z", "groups": [], "user_permissions": []}}, {"model": "auth.user", "pk": 18, "fields": {"password": "", "last_login": null, "is_superuser": false, "username": "33324324234", "first_name": "sdfdfdss", "last_name": "", "email": "", "is_staff": false, "is_active": true, "date_joined": "2017-11-08T19:55:09.394Z", "groups": [], "user_permissions": []}}, {"model": "auth.user", "pk": 19, "fields": {"password": "", "last_login": null, "is_superuser": false, "username": "00000000000000", "first_name": "0000000000000", "last_name": "", "email": "", "is_staff": false, "is_active": true, "date_joined": "2017-11-14T11:24:15.225Z", "groups": [], "user_permissions": []}}, {"model": "orders.order", "pk": 5, "fields": {"user": 5, "total_price": "0.00", "customer_name": "TestTestTest", "customer_email": null, "customer_phone": "8999 567473", "customer_address": null, "comments": null, "status": 1, "created": "2017-10-28T16:09:45.133Z", "updated": "2017-10-28T16:09:45.133Z"}}, {"model": "orders.order", "pk": 6, "fields": {"user": 6, "total_price": "0.00", "customer_name": "\u041a\u043e\u0434\u0438\u0432\u0443\u0430\u0440", "customer_email": null, "customer_phone": "1234567890", "customer_address": null, "comments": null, "status": 1, "created": "2017-10-28T16:15:09.377Z", "updated": "2017-10-28T16:15:09.377Z"}}, {"model": "orders.order", "pk": 7, "fields": {"user": 6, "total_price": "0.00", "customer_name": "\u041a\u043e\u0434\u0438\u0432\u0443\u0430\u0440", "customer_email": null, "customer_phone": "1234567890", "customer_address": null, "comments": null, "status": 1, "created": "2017-10-28T16:15:25.089Z", "updated": "2017-10-28T16:15:25.089Z"}}, {"model": "orders.order", "pk": 8, "fields": {"user": 6, "total_price": "0.00", "customer_name": "\u041a\u043e\u0434\u0438\u0432\u0443\u0430\u0440", "customer_email": null, "customer_phone": "1234567890", "customer_address": null, "comments": null, "status": 1, "created": "2017-10-28T16:20:05.125Z", "updated": "2017-10-28T16:20:05.125Z"}}, {"model": "orders.order", "pk": 9, "fields": {"user": 7, "total_price": "0.00", "customer_name": "\u041a\u043e\u0434\u0438\u0432\u0443\u0430\u04402", "customer_email": null, "customer_phone": "456", "customer_address": null, "comments": null, "status": 1, "created": "2017-10-28T16:20:29.269Z", "updated": "2017-10-28T16:20:29.269Z"}}, {"model": "orders.order", "pk": 10, "fields": {"user": 7, "total_price": "0.00", "customer_name": "\u041a\u043e\u0434\u0438\u0432\u0443\u0430\u04402", "customer_email": null, "customer_phone": "456", "customer_address": null, "comments": null, "status": 1, "created": "2017-10-28T16:26:39.326Z", "updated": "2017-10-28T16:26:39.326Z"}}, {"model": "orders.order", "pk": 11, "fields": {"user": 8, "total_price": "0.00", "customer_name": "\u041a\u043e\u0434\u0438\u0432\u0443\u0430\u04403", "customer_email": null, "customer_phone": "456789", "customer_address": null, "comments": null, "status": 1, "created": "2017-10-28T16:27:11.812Z", "updated": "2017-10-28T16:27:11.812Z"}}, {"model": "orders.order", "pk": 12, "fields": {"user": 9, "total_price": "198000.00", "customer_name": "Ivan", "customer_email": null, "customer_phone": "890", "customer_address": null, "comments": null, "status": 1, "created": "2017-10-28T17:56:51.400Z", "updated": "2017-10-28T17:56:52.069Z"}}, {"model": "orders.order", "pk": 13, "fields": {"user": 10, "total_price": "180000.00", "customer_name": "Ivan2", "customer_email": null, "customer_phone": "8900", "customer_address": null, "comments": null, "status": 1, "created": "2017-10-28T17:59:10.876Z", "updated": "2017-10-28T17:59:11.459Z"}}, {"model": "orders.order", "pk": 14, "fields": {"user": 10, "total_price": "180000.00", "customer_name": "Ivan2", "customer_email": null, "customer_phone": "8900", "customer_address": null, "comments": null, "status": 1, "created": "2017-10-28T17:59:59.243Z", "updated": "2017-10-28T17:59:59.728Z"}}, {"model": "orders.order", "pk": 15, "fields": {"user": 11, "total_price": "9990.00", "customer_name": "12", "customer_email": null, "customer_phone": "001", "customer_address": null, "comments": null, "status": 1, "created": "2017-10-28T18:00:42.205Z", "updated": "2017-10-28T18:00:42.925Z"}}, {"model": "orders.order", "pk": 16, "fields": {"user": 12, "total_price": "0.00", "customer_name": "122", "customer_email": null, "customer_phone": "0012", "customer_address": null, "comments": null, "status": 1, "created": "2017-10-28T18:01:35.544Z", "updated": "2017-10-28T18:01:35.544Z"}}, {"model": "orders.order", "pk": 17, "fields": {"user": 13, "total_price": "9990.00", "customer_name": "1222", "customer_email": null, "customer_phone": "00122", "customer_address": null, "comments": null, "status": 1, "created": "2017-10-28T18:03:19.226Z", "updated": "2017-10-28T18:03:19.611Z"}}, {"model": "orders.order", "pk": 18, "fields": {"user": 14, "total_price": "71980.00", "customer_name": "11111111111", "customer_email": null, "customer_phone": "2222222222", "customer_address": null, "comments": null, "status": 1, "created": "2017-10-28T19:21:35.015Z", "updated": "2017-10-28T19:21:36.078Z"}}, {"model": "orders.order", "pk": 19, "fields": {"user": 15, "total_price": "127880.00", "customer_name": "GoldTeam", "customer_email": null, "customer_phone": "+79045671842", "customer_address": null, "comments": "\u0417\u0430\u043a\u0430\u0437 \u043e\u0442 4 \u043d\u043e\u044f\u0431\u0440\u044f 2017, \u0421\u0420\u041e\u0427\u041d\u042b\u0419!!!", "status": 3, "created": "2017-11-04T02:07:21.295Z", "updated": "2017-11-04T02:08:50.360Z"}}, {"model": "orders.order", "pk": 20, "fields": {"user": 16, "total_price": "29970.00", "customer_name": "GoldTeam2", "customer_email": "customer66^@inbpx.com", "customer_phone": "9999999999", "customer_address": "\u041a\u0430\u0437\u0430\u043d\u044c \u0424\u0443\u0447\u0438\u043a\u0430 555", "comments": "\u043e\u0442 4 \u043d\u043e\u044f\u0431\u0440\u044f 2017 5:16", "status": 1, "created": "2017-11-04T02:16:17.567Z", "updated": "2017-11-04T02:17:46.719Z"}}, {"model": "orders.order", "pk": 21, "fields": {"user": 17, "total_price": "0.00", "customer_name": "22", "customer_email": null, "customer_phone": "22", "customer_address": null, "comments": null, "status": 1, "created": "2017-11-04T10:50:57.532Z", "updated": "2017-11-04T10:50:58.296Z"}}, {"model": "orders.order", "pk": 22, "fields": {"user": 18, "total_price": "19980.00", "customer_name": "sdfdfdss", "customer_email": null, "customer_phone": "33324324234", "customer_address": null, "comments": null, "status": 1, "created": "2017-11-08T19:55:09.739Z", "updated": "2017-11-08T19:55:10.153Z"}}, {"model": "orders.order", "pk": 23, "fields": {"user": 18, "total_price": "19980.00", "customer_name": "sdfdfdss", "customer_email": null, "customer_phone": "33324324234", "customer_address": null, "comments": null, "status": 1, "created": "2017-11-08T19:55:25.848Z", "updated": "2017-11-08T19:55:26.262Z"}}, {"model": "orders.order", "pk": 24, "fields": {"user": 19, "total_price": "90000.18", "customer_name": "0000000000000", "customer_email": null, "customer_phone": "00000000000000", "customer_address": null, "comments": null, "status": 1, "created": "2017-11-14T11:24:15.347Z", "updated": "2017-11-14T11:24:16.065Z"}}, {"model": "admin.logentry", "pk": 172, "fields": {"action_time": "2017-10-28T19:11:43.839Z", "user": 4, "content_type": 14, "object_id": "66", "object_repr": "\u0423\u043d\u0438\u043a\u0430\u043b\u044c\u043d\u044b\u0439 \u043b\u043e\u0433\u043e\u0442\u0438\u043f", "action_flag": 3, "change_message": ""}}, {"model": "admin.logentry", "pk": 173, "fields": {"action_time": "2017-10-28T19:11:44.231Z", "user": 4, "content_type": 14, "object_id": "65", "object_repr": "\u0414\u0438\u0437\u0430\u0439\u043d \u0441\u0430\u0439\u0442\u0430", "action_flag": 3, "change_message": ""}}, {"model": "admin.logentry", "pk": 174, "fields": {"action_time": "2017-10-28T19:11:44.352Z", "user": 4, "content_type": 14, "object_id": "64", "object_repr": "\u041e\u043f\u0442\u0438\u043c\u0438\u0437\u0430\u0446\u0438\u044f \u0441\u0430\u0439\u0442\u0430", "action_flag": 3, "change_message": ""}}, {"model": "admin.logentry", "pk": 175, "fields": {"action_time": "2017-10-28T19:11:44.531Z", "user": 4, "content_type": 14, "object_id": "63", "object_repr": "\u041c\u0430\u0440\u043a\u0435\u0442\u0438\u043d\u0433 (SMM)", "action_flag": 3, "change_message": ""}}, {"model": "admin.logentry", "pk": 176, "fields": {"action_time": "2017-10-28T19:11:44.677Z", "user": 4, "content_type": 14, "object_id": "62", "object_repr": "\u0418\u043d\u0442\u0435\u0440\u043d\u0435\u0442 - \u043c\u0430\u0433\u0430\u0437\u0438\u043d", "action_flag": 3, "change_message": ""}}, {"model": "admin.logentry", "pk": 177, "fields": {"action_time": "2017-10-28T19:11:44.798Z", "user": 4, "content_type": 14, "object_id": "61", "object_repr": "\u041a\u043e\u043d\u0442\u0435\u043d\u0442", "action_flag": 3, "change_message": ""}}, {"model": "admin.logentry", "pk": 178, "fields": {"action_time": "2017-10-28T19:11:44.905Z", "user": 4, "content_type": 14, "object_id": "60", "object_repr": "\u0420\u0435\u043a\u043b\u0430\u043c\u0430", "action_flag": 3, "change_message": ""}}, {"model": "admin.logentry", "pk": 179, "fields": {"action_time": "2017-10-28T19:11:45.044Z", "user": 4, "content_type": 14, "object_id": "59", "object_repr": "\u0420\u0435\u043a\u043b\u0430\u043c\u0430", "action_flag": 3, "change_message": ""}}, {"model": "admin.logentry", "pk": 180, "fields": {"action_time": "2017-10-28T19:11:45.269Z", "user": 4, "content_type": 14, "object_id": "58", "object_repr": "\u0421\u0430\u0439\u0442 - \u0432\u0438\u0437\u0438\u0442\u043a\u0430", "action_flag": 3, "change_message": ""}}, {"model": "admin.logentry", "pk": 181, "fields": {"action_time": "2017-11-02T20:11:15.551Z", "user": 4, "content_type": 14, "object_id": "92", "object_repr": "\u0414\u0438\u0437\u0430\u0439\u043d \u0441\u0430\u0439\u0442\u0430", "action_flag": 3, "change_message": ""}}, {"model": "admin.logentry", "pk": 182, "fields": {"action_time": "2017-11-02T20:11:15.680Z", "user": 4, "content_type": 14, "object_id": "91", "object_repr": "\u0421\u0430\u0439\u0442 - \u0432\u0438\u0437\u0438\u0442\u043a\u0430", "action_flag": 3, "change_message": ""}}, {"model": "admin.logentry", "pk": 183, "fields": {"action_time": "2017-11-02T20:11:15.805Z", "user": 4, "content_type": 14, "object_id": "90", "object_repr": "\u0414\u0438\u0437\u0430\u0439\u043d \u0441\u0430\u0439\u0442\u0430", "action_flag": 3, "change_message": ""}}, {"model": "admin.logentry", "pk": 184, "fields": {"action_time": "2017-11-02T20:11:16.092Z", "user": 4, "content_type": 14, "object_id": "89", "object_repr": "\u0421\u0430\u0439\u0442 - \u0432\u0438\u0437\u0438\u0442\u043a\u0430", "action_flag": 3, "change_message": ""}}, {"model": "admin.logentry", "pk": 185, "fields": {"action_time": "2017-11-02T20:11:16.241Z", "user": 4, "content_type": 14, "object_id": "88", "object_repr": "\u0418\u043d\u0442\u0435\u0440\u043d\u0435\u0442 - \u043c\u0430\u0433\u0430\u0437\u0438\u043d", "action_flag": 3, "change_message": ""}}, {"model": "admin.logentry", "pk": 186, "fields": {"action_time": "2017-11-02T20:11:16.461Z", "user": 4, "content_type": 14, "object_id": "87", "object_repr": "\u0421\u0430\u0439\u0442 - \u0432\u0438\u0437\u0438\u0442\u043a\u0430", "action_flag": 3, "change_message": ""}}, {"model": "admin.logentry", "pk": 187, "fields": {"action_time": "2017-11-02T20:11:16.606Z", "user": 4, "content_type": 14, "object_id": "86", "object_repr": "\u0423\u043d\u0438\u043a\u0430\u043b\u044c\u043d\u044b\u0439 \u043b\u043e\u0433\u043e\u0442\u0438\u043f", "action_flag": 3, "change_message": ""}}, {"model": "admin.logentry", "pk": 188, "fields": {"action_time": "2017-11-02T20:11:16.786Z", "user": 4, "content_type": 14, "object_id": "85", "object_repr": "\u041c\u0430\u0440\u043a\u0435\u0442\u0438\u043d\u0433 (SMM)", "action_flag": 3, "change_message": ""}}, {"model": "admin.logentry", "pk": 189, "fields": {"action_time": "2017-11-02T20:11:16.911Z", "user": 4, "content_type": 14, "object_id": "84", "object_repr": "\u041c\u0430\u0440\u043a\u0435\u0442\u0438\u043d\u0433 (SMM)", "action_flag": 3, "change_message": ""}}, {"model": "admin.logentry", "pk": 190, "fields": {"action_time": "2017-11-02T20:11:17.122Z", "user": 4, "content_type": 14, "object_id": "83", "object_repr": "\u041e\u043f\u0442\u0438\u043c\u0438\u0437\u0430\u0446\u0438\u044f \u0441\u0430\u0439\u0442\u0430", "action_flag": 3, "change_message": ""}}, {"model": "admin.logentry", "pk": 191, "fields": {"action_time": "2017-11-02T20:11:17.246Z", "user": 4, "content_type": 14, "object_id": "82", "object_repr": "\u0414\u0438\u0437\u0430\u0439\u043d \u0441\u0430\u0439\u0442\u0430", "action_flag": 3, "change_message": ""}}, {"model": "admin.logentry", "pk": 192, "fields": {"action_time": "2017-11-02T20:11:17.462Z", "user": 4, "content_type": 14, "object_id": "81", "object_repr": "\u041c\u0430\u0440\u043a\u0435\u0442\u0438\u043d\u0433 (SMM)", "action_flag": 3, "change_message": ""}}, {"model": "admin.logentry", "pk": 193, "fields": {"action_time": "2017-11-02T20:11:17.647Z", "user": 4, "content_type": 14, "object_id": "80", "object_repr": "\u041c\u0430\u0440\u043a\u0435\u0442\u0438\u043d\u0433 (SMM)", "action_flag": 3, "change_message": ""}}, {"model": "admin.logentry", "pk": 194, "fields": {"action_time": "2017-11-02T20:11:17.777Z", "user": 4, "content_type": 14, "object_id": "79", "object_repr": "\u0420\u0435\u043a\u043b\u0430\u043c\u0430", "action_flag": 3, "change_message": ""}}, {"model": "admin.logentry", "pk": 195, "fields": {"action_time": "2017-11-02T20:11:17.942Z", "user": 4, "content_type": 14, "object_id": "78", "object_repr": "\u0421\u0430\u0439\u0442 - \u0432\u0438\u0437\u0438\u0442\u043a\u0430", "action_flag": 3, "change_message": ""}}, {"model": "admin.logentry", "pk": 196, "fields": {"action_time": "2017-11-02T20:11:18.087Z", "user": 4, "content_type": 14, "object_id": "77", "object_repr": "\u041c\u0430\u0440\u043a\u0435\u0442\u0438\u043d\u0433 (SMM)", "action_flag": 3, "change_message": ""}}, {"model": "admin.logentry", "pk": 197, "fields": {"action_time": "2017-11-02T20:11:18.227Z", "user": 4, "content_type": 14, "object_id": "76", "object_repr": "\u0420\u0435\u043a\u043b\u0430\u043c\u0430", "action_flag": 3, "change_message": ""}}, {"model": "admin.logentry", "pk": 198, "fields": {"action_time": "2017-11-02T20:11:18.370Z", "user": 4, "content_type": 14, "object_id": "75", "object_repr": "\u0421\u0430\u0439\u0442 - \u0432\u0438\u0437\u0438\u0442\u043a\u0430", "action_flag": 3, "change_message": ""}}, {"model": "admin.logentry", "pk": 199, "fields": {"action_time": "2017-11-02T20:11:18.544Z", "user": 4, "content_type": 14, "object_id": "74", "object_repr": "\u0420\u0435\u043a\u043b\u0430\u043c\u0430", "action_flag": 3, "change_message": ""}}, {"model": "admin.logentry", "pk": 200, "fields": {"action_time": "2017-11-02T20:11:18.694Z", "user": 4, "content_type": 14, "object_id": "73", "object_repr": "\u0421\u0430\u0439\u0442 - \u0432\u0438\u0437\u0438\u0442\u043a\u0430", "action_flag": 3, "change_message": ""}}, {"model": "admin.logentry", "pk": 201, "fields": {"action_time": "2017-11-02T20:11:18.865Z", "user": 4, "content_type": 14, "object_id": "72", "object_repr": "\u0421\u0430\u0439\u0442 - \u0432\u0438\u0437\u0438\u0442\u043a\u0430", "action_flag": 3, "change_message": ""}}, {"model": "admin.logentry", "pk": 202, "fields": {"action_time": "2017-11-02T20:11:19.032Z", "user": 4, "content_type": 14, "object_id": "71", "object_repr": "\u0421\u0430\u0439\u0442 - \u0432\u0438\u0437\u0438\u0442\u043a\u0430", "action_flag": 3, "change_message": ""}}, {"model": "admin.logentry", "pk": 203, "fields": {"action_time": "2017-11-02T20:11:19.233Z", "user": 4, "content_type": 14, "object_id": "70", "object_repr": "\u0421\u0430\u0439\u0442 - \u0432\u0438\u0437\u0438\u0442\u043a\u0430", "action_flag": 3, "change_message": ""}}, {"model": "admin.logentry", "pk": 204, "fields": {"action_time": "2017-11-02T20:11:19.460Z", "user": 4, "content_type": 14, "object_id": "69", "object_repr": "\u041c\u0430\u0440\u043a\u0435\u0442\u0438\u043d\u0433 (SMM)", "action_flag": 3, "change_message": ""}}, {"model": "admin.logentry", "pk": 205, "fields": {"action_time": "2017-11-02T20:11:19.615Z", "user": 4, "content_type": 14, "object_id": "68", "object_repr": "\u0418\u043d\u0442\u0435\u0440\u043d\u0435\u0442 - \u043c\u0430\u0433\u0430\u0437\u0438\u043d", "action_flag": 3, "change_message": ""}}, {"model": "admin.logentry", "pk": 206, "fields": {"action_time": "2017-11-02T20:11:19.776Z", "user": 4, "content_type": 14, "object_id": "67", "object_repr": "\u0423\u043d\u0438\u043a\u0430\u043b\u044c\u043d\u044b\u0439 \u043b\u043e\u0433\u043e\u0442\u0438\u043f", "action_flag": 3, "change_message": ""}}, {"model": "admin.logentry", "pk": 207, "fields": {"action_time": "2017-11-04T02:08:50.365Z", "user": 4, "content_type": 11, "object_id": "19", "object_repr": "\u0417\u0430\u043a\u0430\u0437 19 \u0412 \u043e\u0431\u0440\u0430\u0431\u043e\u0442\u043a\u0435", "action_flag": 2, "change_message": "[{\"changed\": {\"fields\": [\"comments\", \"status\"]}}]"}}, {"model": "admin.logentry", "pk": 208, "fields": {"action_time": "2017-11-04T02:17:46.729Z", "user": 4, "content_type": 11, "object_id": "20", "object_repr": "\u0417\u0430\u043a\u0430\u0437 20 \u0412\u044b\u043f\u043e\u043b\u043d\u044f\u0435\u0442\u0441\u044f", "action_flag": 2, "change_message": "[{\"changed\": {\"fields\": [\"customer_email\", \"customer_address\", \"comments\"]}}]"}}, {"model": "admin.logentry", "pk": 209, "fields": {"action_time": "2017-11-04T02:18:09.700Z", "user": 4, "content_type": 14, "object_id": "105", "object_repr": "\u041c\u0430\u0440\u043a\u0435\u0442\u0438\u043d\u0433 (SMM)", "action_flag": 3, "change_message": ""}}, {"model": "admin.logentry", "pk": 210, "fields": {"action_time": "2017-11-04T02:18:53.858Z", "user": 4, "content_type": 8, "object_id": "8", "object_repr": "8000.00, \u041a\u043e\u043d\u0442\u0435\u043d\u0442", "action_flag": 2, "change_message": "[{\"changed\": {\"fields\": [\"is_active\"]}}]"}}, {"model": "admin.logentry", "pk": 211, "fields": {"action_time": "2017-11-04T02:19:26.755Z", "user": 4, "content_type": 8, "object_id": "8", "object_repr": "8000.00, \u041a\u043e\u043d\u0442\u0435\u043d\u0442", "action_flag": 2, "change_message": "[{\"changed\": {\"fields\": [\"is_active\"]}}]"}}, {"model": "admin.logentry", "pk": 212, "fields": {"action_time": "2017-11-04T03:13:18.885Z", "user": 4, "content_type": 8, "object_id": "3", "object_repr": "9990.00, \u0423\u043d\u0438\u043a\u0430\u043b\u044c\u043d\u044b\u0439 \u043b\u043e\u0433\u043e\u0442\u0438\u043f", "action_flag": 2, "change_message": "[{\"changed\": {\"fields\": [\"short_description\"]}}]"}}, {"model": "admin.logentry", "pk": 213, "fields": {"action_time": "2017-11-04T03:14:15.295Z", "user": 4, "content_type": 8, "object_id": "3", "object_repr": "9990.00, \u0423\u043d\u0438\u043a\u0430\u043b\u044c\u043d\u044b\u0439 \u043b\u043e\u0433\u043e\u0442\u0438\u043f", "action_flag": 2, "change_message": "[{\"changed\": {\"fields\": [\"short_description\", \"description\"]}}]"}}, {"model": "admin.logentry", "pk": 214, "fields": {"action_time": "2017-11-04T03:16:14.898Z", "user": 4, "content_type": 8, "object_id": "1", "object_repr": "15000.06, \u0421\u0430\u0439\u0442 - \u0432\u0438\u0437\u0438\u0442\u043a\u0430", "action_flag": 2, "change_message": "[{\"changed\": {\"fields\": [\"short_description\", \"description\"]}}]"}}, {"model": "admin.logentry", "pk": 215, "fields": {"action_time": "2017-11-04T03:16:27.951Z", "user": 4, "content_type": 8, "object_id": "2", "object_repr": "9990.00, \u0414\u0438\u0437\u0430\u0439\u043d \u0441\u0430\u0439\u0442\u0430", "action_flag": 2, "change_message": "[{\"changed\": {\"fields\": [\"short_description\", \"description\"]}}]"}}, {"model": "admin.logentry", "pk": 216, "fields": {"action_time": "2017-11-04T03:16:41.168Z", "user": 4, "content_type": 8, "object_id": "4", "object_repr": "26000.00, \u0418\u043d\u0442\u0435\u0440\u043d\u0435\u0442 - \u043c\u0430\u0433\u0430\u0437\u0438\u043d", "action_flag": 2, "change_message": "[{\"changed\": {\"fields\": [\"short_description\", \"description\"]}}]"}}, {"model": "admin.logentry", "pk": 217, "fields": {"action_time": "2017-11-04T03:16:51.238Z", "user": 4, "content_type": 8, "object_id": "5", "object_repr": "9000.00, \u041e\u043f\u0442\u0438\u043c\u0438\u0437\u0430\u0446\u0438\u044f \u0441\u0430\u0439\u0442\u0430", "action_flag": 2, "change_message": "[{\"changed\": {\"fields\": [\"short_description\", \"description\"]}}]"}}, {"model": "admin.logentry", "pk": 218, "fields": {"action_time": "2017-11-04T03:17:07.508Z", "user": 4, "content_type": 8, "object_id": "6", "object_repr": "15000.00, \u0420\u0435\u043a\u043b\u0430\u043c\u0430", "action_flag": 2, "change_message": "[{\"changed\": {\"fields\": [\"short_description\", \"description\"]}}]"}}, {"model": "admin.logentry", "pk": 219, "fields": {"action_time": "2017-11-04T03:17:24.018Z", "user": 4, "content_type": 8, "object_id": "7", "object_repr": "15000.00, \u041c\u0430\u0440\u043a\u0435\u0442\u0438\u043d\u0433 (SMM)", "action_flag": 2, "change_message": "[{\"changed\": {\"fields\": [\"short_description\", \"description\"]}}]"}}, {"model": "admin.logentry", "pk": 220, "fields": {"action_time": "2017-11-04T03:17:40.488Z", "user": 4, "content_type": 8, "object_id": "8", "object_repr": "8000.00, \u041a\u043e\u043d\u0442\u0435\u043d\u0442", "action_flag": 2, "change_message": "[{\"changed\": {\"fields\": [\"short_description\", \"description\"]}}]"}}, {"model": "admin.logentry", "pk": 221, "fields": {"action_time": "2017-11-08T21:27:18.632Z", "user": 4, "content_type": 14, "object_id": "162", "object_repr": "\u041c\u0430\u0440\u043a\u0435\u0442\u0438\u043d\u0433 (SMM)", "action_flag": 3, "change_message": ""}}, {"model": "admin.logentry", "pk": 222, "fields": {"action_time": "2017-11-08T21:27:18.782Z", "user": 4, "content_type": 14, "object_id": "161", "object_repr": "\u0418\u043d\u0442\u0435\u0440\u043d\u0435\u0442 - \u043c\u0430\u0433\u0430\u0437\u0438\u043d", "action_flag": 3, "change_message": ""}}, {"model": "admin.logentry", "pk": 223, "fields": {"action_time": "2017-11-08T21:27:18.884Z", "user": 4, "content_type": 14, "object_id": "160", "object_repr": "\u0421\u0430\u0439\u0442 - \u0432\u0438\u0437\u0438\u0442\u043a\u0430", "action_flag": 3, "change_message": ""}}, {"model": "admin.logentry", "pk": 224, "fields": {"action_time": "2017-11-08T21:27:18.984Z", "user": 4, "content_type": 14, "object_id": "159", "object_repr": "\u0421\u0430\u0439\u0442 - \u0432\u0438\u0437\u0438\u0442\u043a\u0430", "action_flag": 3, "change_message": ""}}, {"model": "admin.logentry", "pk": 225, "fields": {"action_time": "2017-11-08T21:27:19.078Z", "user": 4, "content_type": 14, "object_id": "158", "object_repr": "\u041c\u0430\u0440\u043a\u0435\u0442\u0438\u043d\u0433 (SMM)", "action_flag": 3, "change_message": ""}}, {"model": "admin.logentry", "pk": 226, "fields": {"action_time": "2017-11-08T21:27:19.201Z", "user": 4, "content_type": 14, "object_id": "157", "object_repr": "\u0418\u043d\u0442\u0435\u0440\u043d\u0435\u0442 - \u043c\u0430\u0433\u0430\u0437\u0438\u043d", "action_flag": 3, "change_message": ""}}, {"model": "admin.logentry", "pk": 227, "fields": {"action_time": "2017-11-08T21:27:19.335Z", "user": 4, "content_type": 14, "object_id": "156", "object_repr": "\u0420\u0435\u043a\u043b\u0430\u043c\u0430", "action_flag": 3, "change_message": ""}}, {"model": "admin.logentry", "pk": 228, "fields": {"action_time": "2017-11-08T21:27:19.515Z", "user": 4, "content_type": 14, "object_id": "155", "object_repr": "\u0418\u043d\u0442\u0435\u0440\u043d\u0435\u0442 - \u043c\u0430\u0433\u0430\u0437\u0438\u043d", "action_flag": 3, "change_message": ""}}, {"model": "admin.logentry", "pk": 229, "fields": {"action_time": "2017-11-08T21:27:19.820Z", "user": 4, "content_type": 14, "object_id": "154", "object_repr": "\u0421\u0430\u0439\u0442 - \u0432\u0438\u0437\u0438\u0442\u043a\u0430", "action_flag": 3, "change_message": ""}}, {"model": "admin.logentry", "pk": 230, "fields": {"action_time": "2017-11-08T21:27:19.968Z", "user": 4, "content_type": 14, "object_id": "153", "object_repr": "\u0414\u0438\u0437\u0430\u0439\u043d \u0441\u0430\u0439\u0442\u0430", "action_flag": 3, "change_message": ""}}, {"model": "admin.logentry", "pk": 231, "fields": {"action_time": "2017-11-08T21:27:20.158Z", "user": 4, "content_type": 14, "object_id": "152", "object_repr": "\u041e\u043f\u0442\u0438\u043c\u0438\u0437\u0430\u0446\u0438\u044f \u0441\u0430\u0439\u0442\u0430", "action_flag": 3, "change_message": ""}}, {"model": "admin.logentry", "pk": 232, "fields": {"action_time": "2017-11-08T21:27:20.338Z", "user": 4, "content_type": 14, "object_id": "151", "object_repr": "\u041e\u043f\u0442\u0438\u043c\u0438\u0437\u0430\u0446\u0438\u044f \u0441\u0430\u0439\u0442\u0430", "action_flag": 3, "change_message": ""}}, {"model": "admin.logentry", "pk": 233, "fields": {"action_time": "2017-11-08T21:27:20.552Z", "user": 4, "content_type": 14, "object_id": "150", "object_repr": "\u041a\u043e\u043d\u0442\u0435\u043d\u0442", "action_flag": 3, "change_message": ""}}, {"model": "admin.logentry", "pk": 234, "fields": {"action_time": "2017-11-08T21:27:20.750Z", "user": 4, "content_type": 14, "object_id": "149", "object_repr": "\u041a\u043e\u043d\u0442\u0435\u043d\u0442", "action_flag": 3, "change_message": ""}}, {"model": "admin.logentry", "pk": 235, "fields": {"action_time": "2017-11-08T21:27:20.954Z", "user": 4, "content_type": 14, "object_id": "148", "object_repr": "\u0414\u0438\u0437\u0430\u0439\u043d \u0441\u0430\u0439\u0442\u0430", "action_flag": 3, "change_message": ""}}, {"model": "admin.logentry", "pk": 236, "fields": {"action_time": "2017-11-08T21:27:21.154Z", "user": 4, "content_type": 14, "object_id": "147", "object_repr": "\u0414\u0438\u0437\u0430\u0439\u043d \u0441\u0430\u0439\u0442\u0430", "action_flag": 3, "change_message": ""}}, {"model": "admin.logentry", "pk": 237, "fields": {"action_time": "2017-11-08T21:27:21.313Z", "user": 4, "content_type": 14, "object_id": "146", "object_repr": "\u0420\u0435\u043a\u043b\u0430\u043c\u0430", "action_flag": 3, "change_message": ""}}, {"model": "admin.logentry", "pk": 238, "fields": {"action_time": "2017-11-08T21:27:21.411Z", "user": 4, "content_type": 14, "object_id": "145", "object_repr": "\u0414\u0438\u0437\u0430\u0439\u043d \u0441\u0430\u0439\u0442\u0430", "action_flag": 3, "change_message": ""}}, {"model": "admin.logentry", "pk": 239, "fields": {"action_time": "2017-11-08T21:27:21.518Z", "user": 4, "content_type": 14, "object_id": "144", "object_repr": "\u0414\u0438\u0437\u0430\u0439\u043d \u0441\u0430\u0439\u0442\u0430", "action_flag": 3, "change_message": ""}}, {"model": "admin.logentry", "pk": 240, "fields": {"action_time": "2017-11-08T21:27:21.616Z", "user": 4, "content_type": 14, "object_id": "143", "object_repr": "\u0418\u043d\u0442\u0435\u0440\u043d\u0435\u0442 - \u043c\u0430\u0433\u0430\u0437\u0438\u043d", "action_flag": 3, "change_message": ""}}, {"model": "admin.logentry", "pk": 241, "fields": {"action_time": "2017-11-08T21:27:21.735Z", "user": 4, "content_type": 14, "object_id": "142", "object_repr": "\u0418\u043d\u0442\u0435\u0440\u043d\u0435\u0442 - \u043c\u0430\u0433\u0430\u0437\u0438\u043d", "action_flag": 3, "change_message": ""}}, {"model": "admin.logentry", "pk": 242, "fields": {"action_time": "2017-11-08T21:27:21.832Z", "user": 4, "content_type": 14, "object_id": "141", "object_repr": "\u0418\u043d\u0442\u0435\u0440\u043d\u0435\u0442 - \u043c\u0430\u0433\u0430\u0437\u0438\u043d", "action_flag": 3, "change_message": ""}}, {"model": "admin.logentry", "pk": 243, "fields": {"action_time": "2017-11-08T21:27:21.952Z", "user": 4, "content_type": 14, "object_id": "140", "object_repr": "\u0418\u043d\u0442\u0435\u0440\u043d\u0435\u0442 - \u043c\u0430\u0433\u0430\u0437\u0438\u043d", "action_flag": 3, "change_message": ""}}, {"model": "admin.logentry", "pk": 244, "fields": {"action_time": "2017-11-08T21:27:22.059Z", "user": 4, "content_type": 14, "object_id": "139", "object_repr": "\u0423\u043d\u0438\u043a\u0430\u043b\u044c\u043d\u044b\u0439 \u043b\u043e\u0433\u043e\u0442\u0438\u043f", "action_flag": 3, "change_message": ""}}, {"model": "admin.logentry", "pk": 245, "fields": {"action_time": "2017-11-08T21:27:22.177Z", "user": 4, "content_type": 14, "object_id": "138", "object_repr": "\u0414\u0438\u0437\u0430\u0439\u043d \u0441\u0430\u0439\u0442\u0430", "action_flag": 3, "change_message": ""}}, {"model": "admin.logentry", "pk": 246, "fields": {"action_time": "2017-11-08T21:27:22.278Z", "user": 4, "content_type": 14, "object_id": "137", "object_repr": "\u0414\u0438\u0437\u0430\u0439\u043d \u0441\u0430\u0439\u0442\u0430", "action_flag": 3, "change_message": ""}}, {"model": "admin.logentry", "pk": 247, "fields": {"action_time": "2017-11-08T21:27:22.397Z", "user": 4, "content_type": 14, "object_id": "136", "object_repr": "\u0414\u0438\u0437\u0430\u0439\u043d \u0441\u0430\u0439\u0442\u0430", "action_flag": 3, "change_message": ""}}, {"model": "admin.logentry", "pk": 248, "fields": {"action_time": "2017-11-08T21:27:22.596Z", "user": 4, "content_type": 14, "object_id": "135", "object_repr": "\u041a\u043e\u043d\u0442\u0435\u043d\u0442", "action_flag": 3, "change_message": ""}}, {"model": "admin.logentry", "pk": 249, "fields": {"action_time": "2017-11-08T21:27:22.805Z", "user": 4, "content_type": 14, "object_id": "134", "object_repr": "\u0423\u043d\u0438\u043a\u0430\u043b\u044c\u043d\u044b\u0439 \u043b\u043e\u0433\u043e\u0442\u0438\u043f", "action_flag": 3, "change_message": ""}}, {"model": "admin.logentry", "pk": 250, "fields": {"action_time": "2017-11-08T21:27:22.928Z", "user": 4, "content_type": 14, "object_id": "133", "object_repr": "\u0423\u043d\u0438\u043a\u0430\u043b\u044c\u043d\u044b\u0439 \u043b\u043e\u0433\u043e\u0442\u0438\u043f", "action_flag": 3, "change_message": ""}}, {"model": "admin.logentry", "pk": 251, "fields": {"action_time": "2017-11-08T21:27:23.052Z", "user": 4, "content_type": 14, "object_id": "132", "object_repr": "\u0423\u043d\u0438\u043a\u0430\u043b\u044c\u043d\u044b\u0439 \u043b\u043e\u0433\u043e\u0442\u0438\u043f", "action_flag": 3, "change_message": ""}}, {"model": "admin.logentry", "pk": 252, "fields": {"action_time": "2017-11-08T21:27:23.180Z", "user": 4, "content_type": 14, "object_id": "131", "object_repr": "\u0418\u043d\u0442\u0435\u0440\u043d\u0435\u0442 - \u043c\u0430\u0433\u0430\u0437\u0438\u043d", "action_flag": 3, "change_message": ""}}, {"model": "admin.logentry", "pk": 253, "fields": {"action_time": "2017-11-08T21:27:23.283Z", "user": 4, "content_type": 14, "object_id": "130", "object_repr": "\u0414\u0438\u0437\u0430\u0439\u043d \u0441\u0430\u0439\u0442\u0430", "action_flag": 3, "change_message": ""}}, {"model": "admin.logentry", "pk": 254, "fields": {"action_time": "2017-11-08T21:27:23.374Z", "user": 4, "content_type": 14, "object_id": "129", "object_repr": "\u0414\u0438\u0437\u0430\u0439\u043d \u0441\u0430\u0439\u0442\u0430", "action_flag": 3, "change_message": ""}}, {"model": "admin.logentry", "pk": 255, "fields": {"action_time": "2017-11-08T21:27:23.487Z", "user": 4, "content_type": 14, "object_id": "128", "object_repr": "\u0421\u0430\u0439\u0442 - \u0432\u0438\u0437\u0438\u0442\u043a\u0430", "action_flag": 3, "change_message": ""}}, {"model": "admin.logentry", "pk": 256, "fields": {"action_time": "2017-11-08T21:27:23.574Z", "user": 4, "content_type": 14, "object_id": "127", "object_repr": "\u0421\u0430\u0439\u0442 - \u0432\u0438\u0437\u0438\u0442\u043a\u0430", "action_flag": 3, "change_message": ""}}, {"model": "admin.logentry", "pk": 257, "fields": {"action_time": "2017-11-08T21:27:23.668Z", "user": 4, "content_type": 14, "object_id": "126", "object_repr": "\u0414\u0438\u0437\u0430\u0439\u043d \u0441\u0430\u0439\u0442\u0430", "action_flag": 3, "change_message": ""}}, {"model": "admin.logentry", "pk": 258, "fields": {"action_time": "2017-11-08T21:27:23.845Z", "user": 4, "content_type": 14, "object_id": "125", "object_repr": "\u0414\u0438\u0437\u0430\u0439\u043d \u0441\u0430\u0439\u0442\u0430", "action_flag": 3, "change_message": ""}}, {"model": "admin.logentry", "pk": 259, "fields": {"action_time": "2017-11-08T21:27:23.979Z", "user": 4, "content_type": 14, "object_id": "124", "object_repr": "\u0418\u043d\u0442\u0435\u0440\u043d\u0435\u0442 - \u043c\u0430\u0433\u0430\u0437\u0438\u043d", "action_flag": 3, "change_message": ""}}, {"model": "admin.logentry", "pk": 260, "fields": {"action_time": "2017-11-08T21:27:24.128Z", "user": 4, "content_type": 14, "object_id": "123", "object_repr": "\u0421\u0430\u0439\u0442 - \u0432\u0438\u0437\u0438\u0442\u043a\u0430", "action_flag": 3, "change_message": ""}}, {"model": "admin.logentry", "pk": 261, "fields": {"action_time": "2017-11-08T21:27:24.247Z", "user": 4, "content_type": 14, "object_id": "122", "object_repr": "\u0423\u043d\u0438\u043a\u0430\u043b\u044c\u043d\u044b\u0439 \u043b\u043e\u0433\u043e\u0442\u0438\u043f", "action_flag": 3, "change_message": ""}}, {"model": "admin.logentry", "pk": 262, "fields": {"action_time": "2017-11-08T21:27:24.351Z", "user": 4, "content_type": 14, "object_id": "121", "object_repr": "\u041c\u0430\u0440\u043a\u0435\u0442\u0438\u043d\u0433 (SMM)", "action_flag": 3, "change_message": ""}}, {"model": "admin.logentry", "pk": 263, "fields": {"action_time": "2017-11-08T21:27:24.450Z", "user": 4, "content_type": 14, "object_id": "120", "object_repr": "\u0418\u043d\u0442\u0435\u0440\u043d\u0435\u0442 - \u043c\u0430\u0433\u0430\u0437\u0438\u043d", "action_flag": 3, "change_message": ""}}, {"model": "admin.logentry", "pk": 264, "fields": {"action_time": "2017-11-08T21:27:24.566Z", "user": 4, "content_type": 14, "object_id": "119", "object_repr": "\u0421\u0430\u0439\u0442 - \u0432\u0438\u0437\u0438\u0442\u043a\u0430", "action_flag": 3, "change_message": ""}}, {"model": "admin.logentry", "pk": 265, "fields": {"action_time": "2017-11-08T21:27:24.677Z", "user": 4, "content_type": 14, "object_id": "118", "object_repr": "\u041a\u043e\u043d\u0442\u0435\u043d\u0442", "action_flag": 3, "change_message": ""}}, {"model": "admin.logentry", "pk": 266, "fields": {"action_time": "2017-11-08T21:27:24.791Z", "user": 4, "content_type": 14, "object_id": "117", "object_repr": "\u041c\u0430\u0440\u043a\u0435\u0442\u0438\u043d\u0433 (SMM)", "action_flag": 3, "change_message": ""}}, {"model": "admin.logentry", "pk": 267, "fields": {"action_time": "2017-11-08T21:27:24.910Z", "user": 4, "content_type": 14, "object_id": "116", "object_repr": "\u0420\u0435\u043a\u043b\u0430\u043c\u0430", "action_flag": 3, "change_message": ""}}, {"model": "admin.logentry", "pk": 268, "fields": {"action_time": "2017-11-08T21:27:25.009Z", "user": 4, "content_type": 14, "object_id": "115", "object_repr": "\u041e\u043f\u0442\u0438\u043c\u0438\u0437\u0430\u0446\u0438\u044f \u0441\u0430\u0439\u0442\u0430", "action_flag": 3, "change_message": ""}}, {"model": "admin.logentry", "pk": 269, "fields": {"action_time": "2017-11-08T21:27:25.136Z", "user": 4, "content_type": 14, "object_id": "114", "object_repr": "\u0418\u043d\u0442\u0435\u0440\u043d\u0435\u0442 - \u043c\u0430\u0433\u0430\u0437\u0438\u043d", "action_flag": 3, "change_message": ""}}, {"model": "admin.logentry", "pk": 270, "fields": {"action_time": "2017-11-08T21:27:25.250Z", "user": 4, "content_type": 14, "object_id": "113", "object_repr": "\u0414\u0438\u0437\u0430\u0439\u043d \u0441\u0430\u0439\u0442\u0430", "action_flag": 3, "change_message": ""}}, {"model": "admin.logentry", "pk": 271, "fields": {"action_time": "2017-11-08T21:27:25.383Z", "user": 4, "content_type": 14, "object_id": "112", "object_repr": "\u0421\u0430\u0439\u0442 - \u0432\u0438\u0437\u0438\u0442\u043a\u0430", "action_flag": 3, "change_message": ""}}, {"model": "admin.logentry", "pk": 272, "fields": {"action_time": "2017-11-08T21:27:25.498Z", "user": 4, "content_type": 14, "object_id": "111", "object_repr": "\u0421\u0430\u0439\u0442 - \u0432\u0438\u0437\u0438\u0442\u043a\u0430", "action_flag": 3, "change_message": ""}}, {"model": "admin.logentry", "pk": 273, "fields": {"action_time": "2017-11-08T21:27:25.650Z", "user": 4, "content_type": 14, "object_id": "110", "object_repr": "\u041e\u043f\u0442\u0438\u043c\u0438\u0437\u0430\u0446\u0438\u044f \u0441\u0430\u0439\u0442\u0430", "action_flag": 3, "change_message": ""}}, {"model": "admin.logentry", "pk": 274, "fields": {"action_time": "2017-11-08T21:27:25.806Z", "user": 4, "content_type": 14, "object_id": "109", "object_repr": "\u041c\u0430\u0440\u043a\u0435\u0442\u0438\u043d\u0433 (SMM)", "action_flag": 3, "change_message": ""}}, {"model": "admin.logentry", "pk": 275, "fields": {"action_time": "2017-11-08T21:27:25.962Z", "user": 4, "content_type": 14, "object_id": "108", "object_repr": "\u041a\u043e\u043d\u0442\u0435\u043d\u0442", "action_flag": 3, "change_message": ""}}, {"model": "admin.logentry", "pk": 276, "fields": {"action_time": "2017-11-08T21:27:26.164Z", "user": 4, "content_type": 14, "object_id": "107", "object_repr": "\u0418\u043d\u0442\u0435\u0440\u043d\u0435\u0442 - \u043c\u0430\u0433\u0430\u0437\u0438\u043d", "action_flag": 3, "change_message": ""}}, {"model": "admin.logentry", "pk": 277, "fields": {"action_time": "2017-11-08T21:27:26.306Z", "user": 4, "content_type": 14, "object_id": "106", "object_repr": "\u0420\u0435\u043a\u043b\u0430\u043c\u0430", "action_flag": 3, "change_message": ""}}, {"model": "admin.logentry", "pk": 278, "fields": {"action_time": "2017-11-08T21:27:26.446Z", "user": 4, "content_type": 14, "object_id": "104", "object_repr": "\u0423\u043d\u0438\u043a\u0430\u043b\u044c\u043d\u044b\u0439 \u043b\u043e\u0433\u043e\u0442\u0438\u043f", "action_flag": 3, "change_message": ""}}, {"model": "admin.logentry", "pk": 279, "fields": {"action_time": "2017-11-08T21:27:26.677Z", "user": 4, "content_type": 14, "object_id": "103", "object_repr": "\u0414\u0438\u0437\u0430\u0439\u043d \u0441\u0430\u0439\u0442\u0430", "action_flag": 3, "change_message": ""}}, {"model": "admin.logentry", "pk": 280, "fields": {"action_time": "2017-11-08T21:27:26.832Z", "user": 4, "content_type": 14, "object_id": "102", "object_repr": "\u041a\u043e\u043d\u0442\u0435\u043d\u0442", "action_flag": 3, "change_message": ""}}, {"model": "admin.logentry", "pk": 281, "fields": {"action_time": "2017-11-08T21:27:26.985Z", "user": 4, "content_type": 14, "object_id": "101", "object_repr": "\u0423\u043d\u0438\u043a\u0430\u043b\u044c\u043d\u044b\u0439 \u043b\u043e\u0433\u043e\u0442\u0438\u043f", "action_flag": 3, "change_message": ""}}, {"model": "admin.logentry", "pk": 282, "fields": {"action_time": "2017-11-08T21:27:27.122Z", "user": 4, "content_type": 14, "object_id": "100", "object_repr": "\u0414\u0438\u0437\u0430\u0439\u043d \u0441\u0430\u0439\u0442\u0430", "action_flag": 3, "change_message": ""}}, {"model": "admin.logentry", "pk": 283, "fields": {"action_time": "2017-11-08T21:27:27.293Z", "user": 4, "content_type": 14, "object_id": "99", "object_repr": "\u0423\u043d\u0438\u043a\u0430\u043b\u044c\u043d\u044b\u0439 \u043b\u043e\u0433\u043e\u0442\u0438\u043f", "action_flag": 3, "change_message": ""}}, {"model": "admin.logentry", "pk": 284, "fields": {"action_time": "2017-11-08T21:27:27.461Z", "user": 4, "content_type": 14, "object_id": "98", "object_repr": "\u0414\u0438\u0437\u0430\u0439\u043d \u0441\u0430\u0439\u0442\u0430", "action_flag": 3, "change_message": ""}}, {"model": "admin.logentry", "pk": 285, "fields": {"action_time": "2017-11-08T21:27:27.615Z", "user": 4, "content_type": 14, "object_id": "97", "object_repr": "\u0414\u0438\u0437\u0430\u0439\u043d \u0441\u0430\u0439\u0442\u0430", "action_flag": 3, "change_message": ""}}, {"model": "admin.logentry", "pk": 286, "fields": {"action_time": "2017-11-08T21:27:27.910Z", "user": 4, "content_type": 14, "object_id": "96", "object_repr": "\u0414\u0438\u0437\u0430\u0439\u043d \u0441\u0430\u0439\u0442\u0430", "action_flag": 3, "change_message": ""}}, {"model": "admin.logentry", "pk": 287, "fields": {"action_time": "2017-11-08T21:27:28.038Z", "user": 4, "content_type": 14, "object_id": "95", "object_repr": "\u0414\u0438\u0437\u0430\u0439\u043d \u0441\u0430\u0439\u0442\u0430", "action_flag": 3, "change_message": ""}}, {"model": "admin.logentry", "pk": 288, "fields": {"action_time": "2017-11-08T21:27:28.194Z", "user": 4, "content_type": 14, "object_id": "94", "object_repr": "\u0421\u0430\u0439\u0442 - \u0432\u0438\u0437\u0438\u0442\u043a\u0430", "action_flag": 3, "change_message": ""}}, {"model": "admin.logentry", "pk": 289, "fields": {"action_time": "2017-11-08T21:27:28.350Z", "user": 4, "content_type": 14, "object_id": "93", "object_repr": "\u0423\u043d\u0438\u043a\u0430\u043b\u044c\u043d\u044b\u0439 \u043b\u043e\u0433\u043e\u0442\u0438\u043f", "action_flag": 3, "change_message": ""}}, {"model": "admin.logentry", "pk": 290, "fields": {"action_time": "2017-11-14T11:30:18.017Z", "user": 4, "content_type": 8, "object_id": "8", "object_repr": "8000.00, \u041a\u043e\u043d\u0442\u0435\u043d\u0442", "action_flag": 2, "change_message": "[{\"changed\": {\"fields\": [\"is_active\"]}}]"}}, {"model": "admin.logentry", "pk": 291, "fields": {"action_time": "2017-12-02T02:22:17.312Z", "user": 4, "content_type": 8, "object_id": "1", "object_repr": "15000.06, \u0421\u0430\u0439\u0442 - \u0432\u0438\u0437\u0438\u0442\u043a\u0430", "action_flag": 2, "change_message": "[{\"changed\": {\"fields\": [\"description\"]}}]"}}, {"model": "admin.logentry", "pk": 292, "fields": {"action_time": "2017-12-02T03:06:55.029Z", "user": 4, "content_type": 8, "object_id": "1", "object_repr": "15000.06, \u0421\u0430\u0439\u0442 - \u0432\u0438\u0437\u0438\u0442\u043a\u0430", "action_flag": 2, "change_message": "[{\"changed\": {\"fields\": [\"description\"]}}]"}}, {"model": "admin.logentry", "pk": 293, "fields": {"action_time": "2017-12-02T03:40:26.708Z", "user": 4, "content_type": 8, "object_id": "1", "object_repr": "15000.06, \u0421\u0430\u0439\u0442 - \u0432\u0438\u0437\u0438\u0442\u043a\u0430", "action_flag": 2, "change_message": "[{\"changed\": {\"fields\": [\"description\"]}}]"}}, {"model": "admin.logentry", "pk": 294, "fields": {"action_time": "2017-12-02T03:59:08.991Z", "user": 4, "content_type": 8, "object_id": "1", "object_repr": "15000.06, \u0421\u0430\u0439\u0442 - \u0432\u0438\u0437\u0438\u0442\u043a\u0430", "action_flag": 2, "change_message": "[]"}}, {"model": "admin.logentry", "pk": 295, "fields": {"action_time": "2017-12-02T04:13:05.097Z", "user": 4, "content_type": 8, "object_id": "1", "object_repr": "15000.06, \u0421\u0430\u0439\u0442 - \u0432\u0438\u0437\u0438\u0442\u043a\u0430", "action_flag": 2, "change_message": "[{\"changed\": {\"fields\": [\"description\"]}}]"}}, {"model": "admin.logentry", "pk": 296, "fields": {"action_time": "2017-12-02T04:19:12.379Z", "user": 4, "content_type": 8, "object_id": "1", "object_repr": "15000.06, \u0421\u0430\u0439\u0442 - \u0432\u0438\u0437\u0438\u0442\u043a\u0430", "action_flag": 2, "change_message": "[{\"changed\": {\"fields\": [\"description\"]}}]"}}, {"model": "admin.logentry", "pk": 297, "fields": {"action_time": "2017-12-02T04:20:37.318Z", "user": 4, "content_type": 8, "object_id": "8", "object_repr": "8000.00, \u041a\u043e\u043d\u0442\u0435\u043d\u0442", "action_flag": 2, "change_message": "[{\"changed\": {\"name\": \"\\u0424\\u043e\\u0442\\u043e\\u0433\\u0440\\u0430\\u0444\\u0438\\u044f\", \"object\": \"17\", \"fields\": [\"is_active\"]}}]"}}, {"model": "admin.logentry", "pk": 298, "fields": {"action_time": "2017-12-02T04:21:03.416Z", "user": 4, "content_type": 8, "object_id": "8", "object_repr": "8000.00, \u041a\u043e\u043d\u0442\u0435\u043d\u0442", "action_flag": 2, "change_message": "[{\"changed\": {\"name\": \"\\u0424\\u043e\\u0442\\u043e\\u0433\\u0440\\u0430\\u0444\\u0438\\u044f\", \"object\": \"17\", \"fields\": [\"is_active\"]}}]"}}, {"model": "admin.logentry", "pk": 299, "fields": {"action_time": "2017-12-02T04:21:20.080Z", "user": 4, "content_type": 8, "object_id": "8", "object_repr": "8000.00, \u041a\u043e\u043d\u0442\u0435\u043d\u0442", "action_flag": 2, "change_message": "[{\"changed\": {\"fields\": [\"is_active\"]}}]"}}, {"model": "admin.logentry", "pk": 300, "fields": {"action_time": "2017-12-02T04:33:34.228Z", "user": 4, "content_type": 8, "object_id": "1", "object_repr": "15000.06, \u0421\u0430\u0439\u0442 - \u0432\u0438\u0437\u0438\u0442\u043a\u0430", "action_flag": 2, "change_message": "[{\"changed\": {\"fields\": [\"description\"]}}]"}}, {"model": "admin.logentry", "pk": 301, "fields": {"action_time": "2017-12-03T05:44:58.462Z", "user": 4, "content_type": 8, "object_id": "2", "object_repr": "9990.00, \u0414\u0438\u0437\u0430\u0439\u043d \u0441\u0430\u0439\u0442\u0430", "action_flag": 2, "change_message": "[{\"changed\": {\"fields\": [\"description\"]}}]"}}, {"model": "admin.logentry", "pk": 302, "fields": {"action_time": "2017-12-03T05:46:15.582Z", "user": 4, "content_type": 8, "object_id": "2", "object_repr": "9990.00, \u0414\u0438\u0437\u0430\u0439\u043d \u0441\u0430\u0439\u0442\u0430", "action_flag": 2, "change_message": "[{\"changed\": {\"fields\": [\"description\"]}}]"}}, {"model": "admin.logentry", "pk": 303, "fields": {"action_time": "2017-12-03T05:46:34.309Z", "user": 4, "content_type": 8, "object_id": "1", "object_repr": "15000.06, \u0421\u0430\u0439\u0442 - \u0432\u0438\u0437\u0438\u0442\u043a\u0430", "action_flag": 2, "change_message": "[{\"changed\": {\"fields\": [\"description\"]}}]"}}, {"model": "admin.logentry", "pk": 304, "fields": {"action_time": "2017-12-04T22:37:24.515Z", "user": 4, "content_type": 8, "object_id": "5", "object_repr": "9000.00, \u041e\u043f\u0442\u0438\u043c\u0438\u0437\u0430\u0446\u0438\u044f \u0441\u0430\u0439\u0442\u0430", "action_flag": 2, "change_message": "[{\"changed\": {\"fields\": [\"short_description\"]}}]"}}, {"model": "admin.logentry", "pk": 305, "fields": {"action_time": "2017-12-04T22:56:27.157Z", "user": 4, "content_type": 8, "object_id": "1", "object_repr": "15000.06, \u0421\u0430\u0439\u0442 - \u0432\u0438\u0437\u0438\u0442\u043a\u0430", "action_flag": 2, "change_message": "[{\"changed\": {\"fields\": [\"short_description\"]}}]"}}, {"model": "admin.logentry", "pk": 306, "fields": {"action_time": "2017-12-04T23:01:10.812Z", "user": 4, "content_type": 8, "object_id": "5", "object_repr": "9000.00, \u041e\u043f\u0442\u0438\u043c\u0438\u0437\u0430\u0446\u0438\u044f \u0441\u0430\u0439\u0442\u0430", "action_flag": 2, "change_message": "[{\"changed\": {\"fields\": [\"short_description\"]}}]"}}, {"model": "admin.logentry", "pk": 307, "fields": {"action_time": "2017-12-04T23:02:18.711Z", "user": 4, "content_type": 8, "object_id": "5", "object_repr": "9000.00, \u041e\u043f\u0442\u0438\u043c\u0438\u0437\u0430\u0446\u0438\u044f \u0441\u0430\u0439\u0442\u0430", "action_flag": 2, "change_message": "[{\"changed\": {\"fields\": [\"short_description\"]}}]"}}, {"model": "admin.logentry", "pk": 308, "fields": {"action_time": "2017-12-04T23:08:07.551Z", "user": 4, "content_type": 8, "object_id": "5", "object_repr": "9000.00, \u041e\u043f\u0442\u0438\u043c\u0438\u0437\u0430\u0446\u0438\u044f \u0441\u0430\u0439\u0442\u0430", "action_flag": 2, "change_message": "[{\"changed\": {\"name\": \"\\u0424\\u043e\\u0442\\u043e\\u0433\\u0440\\u0430\\u0444\\u0438\\u044f\", \"object\": \"14\", \"fields\": [\"image\"]}}]"}}, {"model": "admin.logentry", "pk": 309, "fields": {"action_time": "2017-12-04T23:15:41.074Z", "user": 4, "content_type": 8, "object_id": "2", "object_repr": "9990.00, \u0414\u0438\u0437\u0430\u0439\u043d \u0441\u0430\u0439\u0442\u0430", "action_flag": 2, "change_message": "[{\"changed\": {\"fields\": [\"short_description\"]}}]"}}, {"model": "admin.logentry", "pk": 310, "fields": {"action_time": "2017-12-05T02:30:51.982Z", "user": 4, "content_type": 8, "object_id": "1", "object_repr": "15000.06, \u0421\u0430\u0439\u0442 - \u0432\u0438\u0437\u0438\u0442\u043a\u0430", "action_flag": 2, "change_message": "[{\"changed\": {\"name\": \"\\u0424\\u043e\\u0442\\u043e\\u0433\\u0440\\u0430\\u0444\\u0438\\u044f\", \"object\": \"5\", \"fields\": [\"image\"]}}]"}}, {"model": "admin.logentry", "pk": 311, "fields": {"action_time": "2017-12-05T06:29:59.608Z", "user": 4, "content_type": 8, "object_id": "1", "object_repr": "15000.06, \u0421\u0430\u0439\u0442 - \u0432\u0438\u0437\u0438\u0442\u043a\u0430", "action_flag": 2, "change_message": "[{\"changed\": {\"name\": \"\\u0424\\u043e\\u0442\\u043e\\u0433\\u0440\\u0430\\u0444\\u0438\\u044f\", \"object\": \"5\", \"fields\": [\"image\"]}}]"}}, {"model": "admin.logentry", "pk": 312, "fields": {"action_time": "2017-12-14T21:26:09.801Z", "user": 4, "content_type": 8, "object_id": "4", "object_repr": "26000.00, \u0418\u043d\u0442\u0435\u0440\u043d\u0435\u0442 - \u043c\u0430\u0433\u0430\u0437\u0438\u043d", "action_flag": 2, "change_message": "[{\"changed\": {\"fields\": [\"description\"]}}, {\"changed\": {\"name\": \"\\u0424\\u043e\\u0442\\u043e\\u0433\\u0440\\u0430\\u0444\\u0438\\u044f\", \"object\": \"13\", \"fields\": [\"image\"]}}]"}}, {"model": "admin.logentry", "pk": 313, "fields": {"action_time": "2017-12-14T21:26:25.814Z", "user": 4, "content_type": 8, "object_id": "4", "object_repr": "26000.00, \u0418\u043d\u0442\u0435\u0440\u043d\u0435\u0442 - \u043c\u0430\u0433\u0430\u0437\u0438\u043d", "action_flag": 2, "change_message": "[{\"added\": {\"name\": \"\\u0424\\u043e\\u0442\\u043e\\u0433\\u0440\\u0430\\u0444\\u0438\\u044f\", \"object\": \"18\"}}]"}}, {"model": "admin.logentry", "pk": 314, "fields": {"action_time": "2017-12-14T21:26:47.800Z", "user": 4, "content_type": 8, "object_id": "4", "object_repr": "16000, \u0418\u043d\u0442\u0435\u0440\u043d\u0435\u0442 - \u043c\u0430\u0433\u0430\u0437\u0438\u043d", "action_flag": 2, "change_message": "[{\"changed\": {\"fields\": [\"price\", \"discount\"]}}]"}}, {"model": "admin.logentry", "pk": 315, "fields": {"action_time": "2017-12-14T21:27:44.771Z", "user": 4, "content_type": 8, "object_id": "4", "object_repr": "16000.00, \u0418\u043d\u0442\u0435\u0440\u043d\u0435\u0442 - \u043c\u0430\u0433\u0430\u0437\u0438\u043d", "action_flag": 2, "change_message": "[{\"deleted\": {\"name\": \"\\u0424\\u043e\\u0442\\u043e\\u0433\\u0440\\u0430\\u0444\\u0438\\u044f\", \"object\": \"None\"}}]"}}, {"model": "admin.logentry", "pk": 316, "fields": {"action_time": "2017-12-14T21:28:51.562Z", "user": 4, "content_type": 8, "object_id": "2", "object_repr": "4990, \u0414\u0438\u0437\u0430\u0439\u043d \u0441\u0430\u0439\u0442\u0430", "action_flag": 2, "change_message": "[{\"changed\": {\"fields\": [\"price\", \"discount\"]}}]"}}, {"model": "admin.logentry", "pk": 317, "fields": {"action_time": "2017-12-14T21:29:53.490Z", "user": 4, "content_type": 8, "object_id": "3", "object_repr": "2500, \u0423\u043d\u0438\u043a\u0430\u043b\u044c\u043d\u044b\u0439 \u043b\u043e\u0433\u043e\u0442\u0438\u043f", "action_flag": 2, "change_message": "[{\"changed\": {\"fields\": [\"price\"]}}]"}}, {"model": "admin.logentry", "pk": 318, "fields": {"action_time": "2017-12-14T21:30:16.805Z", "user": 4, "content_type": 8, "object_id": "8", "object_repr": "500, \u041a\u043e\u043d\u0442\u0435\u043d\u0442", "action_flag": 2, "change_message": "[{\"changed\": {\"fields\": [\"price\", \"discount\"]}}]"}}, {"model": "admin.logentry", "pk": 319, "fields": {"action_time": "2017-12-14T21:30:27.624Z", "user": 4, "content_type": 8, "object_id": "7", "object_repr": "1500, \u041c\u0430\u0440\u043a\u0435\u0442\u0438\u043d\u0433 (SMM)", "action_flag": 2, "change_message": "[{\"changed\": {\"fields\": [\"price\"]}}]"}}, {"model": "admin.logentry", "pk": 320, "fields": {"action_time": "2017-12-14T21:30:48.324Z", "user": 4, "content_type": 8, "object_id": "6", "object_repr": "1000, \u0420\u0435\u043a\u043b\u0430\u043c\u0430", "action_flag": 2, "change_message": "[{\"changed\": {\"fields\": [\"price\", \"discount\"]}}]"}}, {"model": "admin.logentry", "pk": 321, "fields": {"action_time": "2017-12-14T21:31:01.333Z", "user": 4, "content_type": 8, "object_id": "5", "object_repr": "3000, \u041e\u043f\u0442\u0438\u043c\u0438\u0437\u0430\u0446\u0438\u044f \u0441\u0430\u0439\u0442\u0430", "action_flag": 2, "change_message": "[{\"changed\": {\"fields\": [\"price\"]}}]"}}, {"model": "admin.logentry", "pk": 322, "fields": {"action_time": "2017-12-14T21:32:56.271Z", "user": 4, "content_type": 8, "object_id": "3", "object_repr": "2500.00, \u0423\u043d\u0438\u043a\u0430\u043b\u044c\u043d\u044b\u0439 \u043b\u043e\u0433\u043e\u0442\u0438\u043f", "action_flag": 2, "change_message": "[{\"changed\": {\"fields\": [\"short_description\", \"description\"]}}]"}}, {"model": "admin.logentry", "pk": 323, "fields": {"action_time": "2017-12-15T01:17:36.455Z", "user": 4, "content_type": 8, "object_id": "3", "object_repr": "2500.00, \u0423\u043d\u0438\u043a\u0430\u043b\u044c\u043d\u044b\u0439 \u043b\u043e\u0433\u043e\u0442\u0438\u043f", "action_flag": 2, "change_message": "[{\"changed\": {\"fields\": [\"description\"]}}]"}}, {"model": "admin.logentry", "pk": 324, "fields": {"action_time": "2017-12-15T01:22:09.299Z", "user": 4, "content_type": 8, "object_id": "3", "object_repr": "3500, \u041b\u043e\u0433\u043e\u0442\u0438\u043f, \u0431\u0440\u0435\u043d\u0434", "action_flag": 2, "change_message": "[{\"changed\": {\"fields\": [\"name\", \"price\", \"short_description\", \"description\"]}}]"}}, {"model": "admin.logentry", "pk": 325, "fields": {"action_time": "2017-12-17T20:38:53.957Z", "user": 4, "content_type": 8, "object_id": "1", "object_repr": "15000.06, \u0421\u0430\u0439\u0442 - \u0432\u0438\u0437\u0438\u0442\u043a\u0430", "action_flag": 2, "change_message": "[{\"added\": {\"name\": \"\\u0424\\u043e\\u0442\\u043e\\u0433\\u0440\\u0430\\u0444\\u0438\\u044f\", \"object\": \"19\"}}, {\"changed\": {\"name\": \"\\u0424\\u043e\\u0442\\u043e\\u0433\\u0440\\u0430\\u0444\\u0438\\u044f\", \"object\": \"5\", \"fields\": [\"image\"]}}]"}}, {"model": "admin.logentry", "pk": 326, "fields": {"action_time": "2017-12-17T20:41:36.000Z", "user": 4, "content_type": 8, "object_id": "1", "object_repr": "15000.06, \u0421\u0430\u0439\u0442 - \u0432\u0438\u0437\u0438\u0442\u043a\u0430", "action_flag": 2, "change_message": "[{\"added\": {\"name\": \"\\u0424\\u043e\\u0442\\u043e\\u0433\\u0440\\u0430\\u0444\\u0438\\u044f\", \"object\": \"20\"}}]"}}, {"model": "admin.logentry", "pk": 327, "fields": {"action_time": "2017-12-17T21:12:34.450Z", "user": 4, "content_type": 8, "object_id": "1", "object_repr": "15000.06, \u0421\u0430\u0439\u0442 - \u0432\u0438\u0437\u0438\u0442\u043a\u0430", "action_flag": 2, "change_message": "[{\"changed\": {\"name\": \"\\u0424\\u043e\\u0442\\u043e\\u0433\\u0440\\u0430\\u0444\\u0438\\u044f\", \"object\": \"19\", \"fields\": [\"is_main\"]}}, {\"changed\": {\"name\": \"\\u0424\\u043e\\u0442\\u043e\\u0433\\u0440\\u0430\\u0444\\u0438\\u044f\", \"object\": \"20\", \"fields\": [\"is_main\"]}}]"}}, {"model": "admin.logentry", "pk": 328, "fields": {"action_time": "2017-12-17T21:13:47.848Z", "user": 4, "content_type": 8, "object_id": "1", "object_repr": "15000.06, \u0421\u0430\u0439\u0442 - \u0432\u0438\u0437\u0438\u0442\u043a\u0430", "action_flag": 2, "change_message": "[{\"changed\": {\"name\": \"\\u0424\\u043e\\u0442\\u043e\\u0433\\u0440\\u0430\\u0444\\u0438\\u044f\", \"object\": \"19\", \"fields\": [\"is_main\"]}}, {\"changed\": {\"name\": \"\\u0424\\u043e\\u0442\\u043e\\u0433\\u0440\\u0430\\u0444\\u0438\\u044f\", \"object\": \"20\", \"fields\": [\"is_main\"]}}, {\"deleted\": {\"name\": \"\\u0424\\u043e\\u0442\\u043e\\u0433\\u0440\\u0430\\u0444\\u0438\\u044f\", \"object\": \"None\"}}]"}}, {"model": "admin.logentry", "pk": 329, "fields": {"action_time": "2017-12-17T21:14:11.962Z", "user": 4, "content_type": 8, "object_id": "1", "object_repr": "15000.06, \u0421\u0430\u0439\u0442 - \u0432\u0438\u0437\u0438\u0442\u043a\u0430", "action_flag": 2, "change_message": "[{\"changed\": {\"name\": \"\\u0424\\u043e\\u0442\\u043e\\u0433\\u0440\\u0430\\u0444\\u0438\\u044f\", \"object\": \"19\", \"fields\": [\"is_main\"]}}]"}}, {"model": "admin.logentry", "pk": 330, "fields": {"action_time": "2017-12-17T21:31:13.592Z", "user": 4, "content_type": 8, "object_id": "8", "object_repr": "500.00, \u041a\u043e\u043d\u0442\u0435\u043d\u0442", "action_flag": 2, "change_message": "[{\"changed\": {\"fields\": [\"description\"]}}]"}}, {"model": "admin.logentry", "pk": 331, "fields": {"action_time": "2017-12-17T22:27:11.398Z", "user": 4, "content_type": 9, "object_id": "13", "object_repr": "13", "action_flag": 2, "change_message": "[{\"changed\": {\"fields\": [\"image\"]}}]"}}, {"model": "admin.logentry", "pk": 332, "fields": {"action_time": "2017-12-17T22:28:49.626Z", "user": 4, "content_type": 8, "object_id": "4", "object_repr": "16000.00, \u0418\u043d\u0442\u0435\u0440\u043d\u0435\u0442 - \u043c\u0430\u0433\u0430\u0437\u0438\u043d", "action_flag": 2, "change_message": "[{\"added\": {\"name\": \"\\u0424\\u043e\\u0442\\u043e\\u0433\\u0440\\u0430\\u0444\\u0438\\u044f\", \"object\": \"21\"}}]"}}, {"model": "admin.logentry", "pk": 333, "fields": {"action_time": "2017-12-17T22:36:21.185Z", "user": 4, "content_type": 8, "object_id": "8", "object_repr": "500.00, \u041a\u043e\u043d\u0442\u0435\u043d\u0442", "action_flag": 2, "change_message": "[{\"added\": {\"name\": \"\\u0424\\u043e\\u0442\\u043e\\u0433\\u0440\\u0430\\u0444\\u0438\\u044f\", \"object\": \"22\"}}]"}}, {"model": "admin.logentry", "pk": 334, "fields": {"action_time": "2017-12-17T22:37:06.135Z", "user": 4, "content_type": 8, "object_id": "8", "object_repr": "500.00, \u041a\u043e\u043d\u0442\u0435\u043d\u0442", "action_flag": 2, "change_message": "[{\"added\": {\"name\": \"\\u0424\\u043e\\u0442\\u043e\\u0433\\u0440\\u0430\\u0444\\u0438\\u044f\", \"object\": \"23\"}}, {\"changed\": {\"name\": \"\\u0424\\u043e\\u0442\\u043e\\u0433\\u0440\\u0430\\u0444\\u0438\\u044f\", \"object\": \"22\", \"fields\": [\"is_main\"]}}, {\"deleted\": {\"name\": \"\\u0424\\u043e\\u0442\\u043e\\u0433\\u0440\\u0430\\u0444\\u0438\\u044f\", \"object\": \"None\"}}]"}}, {"model": "admin.logentry", "pk": 335, "fields": {"action_time": "2017-12-17T22:41:34.637Z", "user": 4, "content_type": 8, "object_id": "3", "object_repr": "3500.00, \u041b\u043e\u0433\u043e\u0442\u0438\u043f, \u0431\u0440\u0435\u043d\u0434", "action_flag": 2, "change_message": "[{\"added\": {\"name\": \"\\u0424\\u043e\\u0442\\u043e\\u0433\\u0440\\u0430\\u0444\\u0438\\u044f\", \"object\": \"24\"}}]"}}, {"model": "admin.logentry", "pk": 336, "fields": {"action_time": "2017-12-17T22:41:53.001Z", "user": 4, "content_type": 8, "object_id": "3", "object_repr": "3500.00, \u041b\u043e\u0433\u043e\u0442\u0438\u043f, \u0431\u0440\u0435\u043d\u0434", "action_flag": 2, "change_message": "[{\"added\": {\"name\": \"\\u0424\\u043e\\u0442\\u043e\\u0433\\u0440\\u0430\\u0444\\u0438\\u044f\", \"object\": \"25\"}}]"}}, {"model": "admin.logentry", "pk": 337, "fields": {"action_time": "2017-12-22T01:10:58.292Z", "user": 4, "content_type": 16, "object_id": "1", "object_repr": "Post object", "action_flag": 1, "change_message": "[{\"added\": {}}]"}}, {"model": "admin.logentry", "pk": 338, "fields": {"action_time": "2017-12-22T01:28:58.291Z", "user": 4, "content_type": 16, "object_id": "1", "object_repr": "Post object", "action_flag": 3, "change_message": ""}}, {"model": "admin.logentry", "pk": 339, "fields": {"action_time": "2017-12-22T02:33:47.177Z", "user": 4, "content_type": 16, "object_id": "2", "object_repr": "Post object", "action_flag": 1, "change_message": "[{\"added\": {}}]"}}, {"model": "admin.logentry", "pk": 340, "fields": {"action_time": "2017-12-22T02:44:38.743Z", "user": 4, "content_type": 16, "object_id": "2", "object_repr": "Post object", "action_flag": 2, "change_message": "[{\"changed\": {\"fields\": [\"content\"]}}]"}}]