[
{
   "model": "contenttypes.contenttype",
   "pk": 1,
   "fields": {
      "app_label": "admin",
      "model": "logentry"
   }
},
{
   "model": "contenttypes.contenttype",
   "pk": 2,
   "fields": {
      "app_label": "auth",
      "model": "permission"
   }
},
{
   "model": "contenttypes.contenttype",
   "pk": 3,
   "fields": {
      "app_label": "auth",
      "model": "group"
   }
},
{
   "model": "contenttypes.contenttype",
   "pk": 4,
   "fields": {
      "app_label": "auth",
      "model": "user"
   }
},
{
   "model": "contenttypes.contenttype",
   "pk": 5,
   "fields": {
      "app_label": "contenttypes",
      "model": "contenttype"
   }
},
{
   "model": "contenttypes.contenttype",
   "pk": 6,
   "fields": {
      "app_label": "sessions",
      "model": "session"
   }
},
{
   "model": "contenttypes.contenttype",
   "pk": 7,
   "fields": {
      "app_label": "landing",
      "model": "subscriber"
   }
},
{
   "model": "contenttypes.contenttype",
   "pk": 8,
   "fields": {
      "app_label": "products",
      "model": "product"
   }
},
{
   "model": "contenttypes.contenttype",
   "pk": 9,
   "fields": {
      "app_label": "products",
      "model": "productimage"
   }
},
{
   "model": "contenttypes.contenttype",
   "pk": 10,
   "fields": {
      "app_label": "orders",
      "model": "status"
   }
},
{
   "model": "contenttypes.contenttype",
   "pk": 11,
   "fields": {
      "app_label": "orders",
      "model": "order"
   }
},
{
   "model": "contenttypes.contenttype",
   "pk": 12,
   "fields": {
      "app_label": "orders",
      "model": "productinorder"
   }
},
{
   "model": "contenttypes.contenttype",
   "pk": 13,
   "fields": {
      "app_label": "products",
      "model": "productcategory"
   }
},
{
   "model": "contenttypes.contenttype",
   "pk": 14,
   "fields": {
      "app_label": "orders",
      "model": "productinbasket"
   }
},
{
   "model": "sessions.session",
   "pk": "6sgpowvk05s31b3w9dao9aq2133r30z6",
   "fields": {
      "session_data": "MDU1ZGY1NjMwZmVlNTNlNDA1YmY0YzYxZmZhMWIzMGRmMmQxOWZhYTp7fQ==",
      "expire_date": "2017-11-10T20:55:52.707Z"
   }
},
{
   "model": "sessions.session",
   "pk": "8gczn8ujmhzsj9u4c4ql6xi4rq092vsq",
   "fields": {
      "session_data": "MTVkMWVkZTNjZjJlMWE3NDIyYTVmNDllYWRjNGM0YmRmMTg0NTIxNjp7Il9hdXRoX3VzZXJfaWQiOiIxIiwiX2F1dGhfdXNlcl9iYWNrZW5kIjoiZGphbmdvLmNvbnRyaWIuYXV0aC5iYWNrZW5kcy5Nb2RlbEJhY2tlbmQiLCJfYXV0aF91c2VyX2hhc2giOiJlODAxYzgyZjlhZGY2YzljMTU4ZjYxMzA5NWM3ZWJhYTc0YzBmZTI1In0=",
      "expire_date": "2017-10-15T12:48:50.855Z"
   }
},
{
   "model": "sessions.session",
   "pk": "92n0bjjjliaskwu6btk3rsn81agvx3jn",
   "fields": {
      "session_data": "MTVkMWVkZTNjZjJlMWE3NDIyYTVmNDllYWRjNGM0YmRmMTg0NTIxNjp7Il9hdXRoX3VzZXJfaWQiOiIxIiwiX2F1dGhfdXNlcl9iYWNrZW5kIjoiZGphbmdvLmNvbnRyaWIuYXV0aC5iYWNrZW5kcy5Nb2RlbEJhY2tlbmQiLCJfYXV0aF91c2VyX2hhc2giOiJlODAxYzgyZjlhZGY2YzljMTU4ZjYxMzA5NWM3ZWJhYTc0YzBmZTI1In0=",
      "expire_date": "2017-10-26T13:29:38.170Z"
   }
},
{
   "model": "sessions.session",
   "pk": "aff8k43u9i6dzgonmnt3fo72efvnnt64",
   "fields": {
      "session_data": "MDU1ZGY1NjMwZmVlNTNlNDA1YmY0YzYxZmZhMWIzMGRmMmQxOWZhYTp7fQ==",
      "expire_date": "2017-11-10T20:55:51.443Z"
   }
},
{
   "model": "sessions.session",
   "pk": "eb6qlhpi351s2u7yvujq855pqrwasi1w",
   "fields": {
      "session_data": "MTVkMWVkZTNjZjJlMWE3NDIyYTVmNDllYWRjNGM0YmRmMTg0NTIxNjp7Il9hdXRoX3VzZXJfaWQiOiIxIiwiX2F1dGhfdXNlcl9iYWNrZW5kIjoiZGphbmdvLmNvbnRyaWIuYXV0aC5iYWNrZW5kcy5Nb2RlbEJhY2tlbmQiLCJfYXV0aF91c2VyX2hhc2giOiJlODAxYzgyZjlhZGY2YzljMTU4ZjYxMzA5NWM3ZWJhYTc0YzBmZTI1In0=",
      "expire_date": "2017-10-06T19:48:29.573Z"
   }
},
{
   "model": "sessions.session",
   "pk": "gw9eobvrl5yy1cnxmnxwmw8jzaigop7b",
   "fields": {
      "session_data": "MTVkMWVkZTNjZjJlMWE3NDIyYTVmNDllYWRjNGM0YmRmMTg0NTIxNjp7Il9hdXRoX3VzZXJfaWQiOiIxIiwiX2F1dGhfdXNlcl9iYWNrZW5kIjoiZGphbmdvLmNvbnRyaWIuYXV0aC5iYWNrZW5kcy5Nb2RlbEJhY2tlbmQiLCJfYXV0aF91c2VyX2hhc2giOiJlODAxYzgyZjlhZGY2YzljMTU4ZjYxMzA5NWM3ZWJhYTc0YzBmZTI1In0=",
      "expire_date": "2017-10-15T15:09:55.974Z"
   }
},
{
   "model": "sessions.session",
   "pk": "h7yo3fcxpoh45t3k4ljjv52t21gwnhg9",
   "fields": {
      "session_data": "NmZmMzNhZTcwN2JkMjA0MDUxODg1NGQxMjRjZmM2YmMxZDEwNGU4Mzp7InNlc3Npb25fa2V5IjoxMjN9",
      "expire_date": "2017-11-16T22:42:46.185Z"
   }
},
{
   "model": "sessions.session",
   "pk": "htitk9hvpu9b9w3lwyiry43dizdw8f25",
   "fields": {
      "session_data": "MTVkMWVkZTNjZjJlMWE3NDIyYTVmNDllYWRjNGM0YmRmMTg0NTIxNjp7Il9hdXRoX3VzZXJfaWQiOiIxIiwiX2F1dGhfdXNlcl9iYWNrZW5kIjoiZGphbmdvLmNvbnRyaWIuYXV0aC5iYWNrZW5kcy5Nb2RlbEJhY2tlbmQiLCJfYXV0aF91c2VyX2hhc2giOiJlODAxYzgyZjlhZGY2YzljMTU4ZjYxMzA5NWM3ZWJhYTc0YzBmZTI1In0=",
      "expire_date": "2017-10-27T20:12:27.234Z"
   }
},
{
   "model": "sessions.session",
   "pk": "iq8sp0yynjvwho0gn7mr8236egg99aj9",
   "fields": {
      "session_data": "MTVkMWVkZTNjZjJlMWE3NDIyYTVmNDllYWRjNGM0YmRmMTg0NTIxNjp7Il9hdXRoX3VzZXJfaWQiOiIxIiwiX2F1dGhfdXNlcl9iYWNrZW5kIjoiZGphbmdvLmNvbnRyaWIuYXV0aC5iYWNrZW5kcy5Nb2RlbEJhY2tlbmQiLCJfYXV0aF91c2VyX2hhc2giOiJlODAxYzgyZjlhZGY2YzljMTU4ZjYxMzA5NWM3ZWJhYTc0YzBmZTI1In0=",
      "expire_date": "2017-10-06T19:59:24.180Z"
   }
},
{
   "model": "sessions.session",
   "pk": "jx22xeu4q835iai5fe1t4m3o5z39b3zt",
   "fields": {
      "session_data": "Zjc4YWZjZDFlMzA4MTI5NmQ1ZGFiZDhkYzExNmUxMGJmM2EzYTA1ZTp7InNlc3Npb25fa2V5IjoxMjMsIl9hdXRoX3VzZXJfaWQiOiI0IiwiX2F1dGhfdXNlcl9iYWNrZW5kIjoiZGphbmdvLmNvbnRyaWIuYXV0aC5iYWNrZW5kcy5Nb2RlbEJhY2tlbmQiLCJfYXV0aF91c2VyX2hhc2giOiJhZTdkNmZhMjhmZmRkNGE2OTBlMDRhNjdhOTc2NDk4NzYyMTlmMDE1In0=",
      "expire_date": "2017-11-18T02:07:48.827Z"
   }
},
{
   "model": "sessions.session",
   "pk": "kxet76oo0l9stfgsvw5b3pspar2ihdxs",
   "fields": {
      "session_data": "MzlmZmM5OWIzZTYxMjg4M2EzN2Q0MDBiYzU5MjIzYzhkOTgwNDZmZDp7Il9hdXRoX3VzZXJfaWQiOiI0IiwiX2F1dGhfdXNlcl9iYWNrZW5kIjoiZGphbmdvLmNvbnRyaWIuYXV0aC5iYWNrZW5kcy5Nb2RlbEJhY2tlbmQiLCJfYXV0aF91c2VyX2hhc2giOiJhZTdkNmZhMjhmZmRkNGE2OTBlMDRhNjdhOTc2NDk4NzYyMTlmMDE1In0=",
      "expire_date": "2017-11-11T16:06:51.102Z"
   }
},
{
   "model": "sessions.session",
   "pk": "pud8ibslyfii397i5kqbsc9rcixuk620",
   "fields": {
      "session_data": "MTVkMWVkZTNjZjJlMWE3NDIyYTVmNDllYWRjNGM0YmRmMTg0NTIxNjp7Il9hdXRoX3VzZXJfaWQiOiIxIiwiX2F1dGhfdXNlcl9iYWNrZW5kIjoiZGphbmdvLmNvbnRyaWIuYXV0aC5iYWNrZW5kcy5Nb2RlbEJhY2tlbmQiLCJfYXV0aF91c2VyX2hhc2giOiJlODAxYzgyZjlhZGY2YzljMTU4ZjYxMzA5NWM3ZWJhYTc0YzBmZTI1In0=",
      "expire_date": "2017-11-09T13:50:37.622Z"
   }
},
{
   "model": "landing.subscriber",
   "pk": 40,
   "fields": {
      "email": "bullat2015@mai.comnet",
      "name": "\u0411\u0443\u043b\u0430\u0442\u0424\u0430\u0440\u0438\u0434\u043e\u0432\u0438\u0447"
   }
},
{
   "model": "landing.subscriber",
   "pk": 41,
   "fields": {
      "email": "kamp@email.com",
      "name": "Kamp"
   }
},
{
   "model": "products.productcategory",
   "pk": 1,
   "fields": {
      "name": "\u0420\u0430\u0437\u0440\u0430\u0431\u043e\u0442\u043a\u0430 (development)",
      "is_active": true
   }
},
{
   "model": "products.productcategory",
   "pk": 2,
   "fields": {
      "name": "\u041e\u043f\u0442\u0438\u043c\u0438\u0437\u0430\u0446\u0438\u044f \u0438 \u0440\u0435\u043a\u043b\u0430\u043c\u0430",
      "is_active": true
   }
},
{
   "model": "products.product",
   "pk": 1,
   "fields": {
      "name": "\u0421\u0430\u0439\u0442 - \u0432\u0438\u0437\u0438\u0442\u043a\u0430",
      "price": "15000.06",
      "discount": 0,
      "category": 1,
      "short_description": "\u0421\u0430\u0439\u0442 \u0441 \u0444\u043e\u0442\u043e\u0433\u0440\u0430\u0444\u0438\u044f\u043c\u0438 \u0438  \u043a\u043e\u043d\u0442\u0430\u043a\u0442\u043d\u044b\u043c\u0438 \u0434\u0430\u043d\u043d\u044b\u043c\u0438 \u0432\u043b\u0430\u0434\u0435\u043b\u044c\u0446\u0430",
      "description": "",
      "is_active": true,
      "created": "2017-10-01T19:45:27.914Z",
      "updated": "2017-11-04T03:16:14.842Z"
   }
},
{
   "model": "products.product",
   "pk": 2,
   "fields": {
      "name": "\u0414\u0438\u0437\u0430\u0439\u043d \u0441\u0430\u0439\u0442\u0430",
      "price": "9990.00",
      "discount": 5,
      "category": 1,
      "short_description": "\u041f\u0440\u043e\u0444\u0435\u0441\u0441\u0438\u043e\u043d\u0430\u043b\u044c\u043d\u044b\u0439 \u0434\u0438\u0437\u0430\u0439\u043d \u0441\u0430\u0439\u0442\u0430 \u043e\u0442 Bahmet Studio",
      "description": "",
      "is_active": true,
      "created": "2017-10-08T20:06:32.313Z",
      "updated": "2017-11-04T03:16:27.939Z"
   }
},
{
   "model": "products.product",
   "pk": 3,
   "fields": {
      "name": "\u0423\u043d\u0438\u043a\u0430\u043b\u044c\u043d\u044b\u0439 \u043b\u043e\u0433\u043e\u0442\u0438\u043f",
      "price": "9990.00",
      "discount": 0,
      "category": 1,
      "short_description": "\u0421\u043e\u0437\u0434\u0430\u043d\u0438\u0435 \u043b\u043e\u0433\u043e\u0442\u0438\u043f\u0430 \u0434\u043b\u044f \u0432\u0430\u0448\u0435\u0439 \u0444\u0438\u0440\u043c\u044b",
      "description": "\u0421\u043e\u0437\u0434\u0430\u043d\u0438\u0435 \u043b\u043e\u0433\u043e\u0442\u0438\u043f\u0430 \u0434\u043b\u044f \u0432\u0430\u0448\u0435\u0439 \u0444\u0438\u0440\u043c\u044b\r\n\u0421\u043e\u0437\u0434\u0430\u043d\u0438\u0435 \u043b\u043e\u0433\u043e\u0442\u0438\u043f\u0430 \u0434\u043b\u044f \u0432\u0430\u0448\u0435\u0439 \u0444\u0438\u0440\u043c\u044b, \u0435\u0433\u043e \u0434\u0438\u0437\u0430\u0439\u043d \u0438 \u0442\u0434 \u0438 \u0442\u043f \u0442\u043e \u0435\u0441\u0442\u044c \u0432\u0441\u0435 \u0432\u0441\u0435 \u0432\u0441\u0435 \u0444\u0435\u0439\u0441\u0431\u0443\u043a \u0437\u0430 500 \u0440\u0443\u0431\u043b\u0435\u0439",
      "is_active": true,
      "created": "2017-10-12T23:57:23.247Z",
      "updated": "2017-11-04T03:14:15.285Z"
   }
},
{
   "model": "products.product",
   "pk": 4,
   "fields": {
      "name": "\u0418\u043d\u0442\u0435\u0440\u043d\u0435\u0442 - \u043c\u0430\u0433\u0430\u0437\u0438\u043d",
      "price": "26000.00",
      "discount": 7,
      "category": 1,
      "short_description": "\u0412\u0435\u0440\u0441\u0442\u043a\u0430 \u0438\u043d\u0442\u0435\u0440\u043d\u0435\u0442-\u043c\u0430\u0433\u0430\u0437\u0438\u043d\u0430 \u043d\u0430 25 \u043f\u043e\u0437\u0438\u0446\u0438\u0439",
      "description": "",
      "is_active": true,
      "created": "2017-10-13T01:07:33.424Z",
      "updated": "2017-11-04T03:16:41.144Z"
   }
},
{
   "model": "products.product",
   "pk": 5,
   "fields": {
      "name": "\u041e\u043f\u0442\u0438\u043c\u0438\u0437\u0430\u0446\u0438\u044f \u0441\u0430\u0439\u0442\u0430",
      "price": "9000.00",
      "discount": 0,
      "category": 2,
      "short_description": "\u041e\u043f\u0442\u0438\u043c\u0438\u0437\u0430\u0446\u0438\u044f \u0441\u0430\u0439\u0442\u0430, \u043a\u0430\u0441\u0442\u043e\u043c\u0438\u0437\u0430\u0446\u0438\u044f",
      "description": "",
      "is_active": true,
      "created": "2017-10-15T05:23:00.259Z",
      "updated": "2017-11-04T03:16:51.197Z"
   }
},
{
   "model": "products.product",
   "pk": 6,
   "fields": {
      "name": "\u0420\u0435\u043a\u043b\u0430\u043c\u0430",
      "price": "15000.00",
      "discount": 5,
      "category": 2,
      "short_description": "\u041f\u0440\u043e\u0434\u0432\u0438\u0436\u0435\u043d\u0438\u0435 \u0438 \u0440\u0435\u043a\u043b\u0430\u043c\u0430 \u0432 \u043f\u043e\u0438\u0441\u043a\u043e\u0432\u0438\u043a\u0430\u0445",
      "description": "",
      "is_active": true,
      "created": "2017-10-15T05:28:09.707Z",
      "updated": "2017-11-04T03:17:07.495Z"
   }
},
{
   "model": "products.product",
   "pk": 7,
   "fields": {
      "name": "\u041c\u0430\u0440\u043a\u0435\u0442\u0438\u043d\u0433 (SMM)",
      "price": "15000.00",
      "discount": 0,
      "category": 2,
      "short_description": "\u041c\u0430\u0440\u043a\u0435\u0442\u0438\u043d\u0433 \u0432 \u0441\u043e\u0446\u0438\u0430\u043b\u044c\u043d\u044b\u0445 \u0441\u0435\u0442\u044f\u0445",
      "description": "",
      "is_active": true,
      "created": "2017-10-15T05:30:03.960Z",
      "updated": "2017-11-04T03:17:23.935Z"
   }
},
{
   "model": "products.product",
   "pk": 8,
   "fields": {
      "name": "\u041a\u043e\u043d\u0442\u0435\u043d\u0442",
      "price": "8000.00",
      "discount": 1,
      "category": 2,
      "short_description": "\u041d\u0430\u043f\u0438\u0441\u0430\u043d\u0438\u0435 \u0443\u043d\u0438\u043a\u0430\u043b\u044c\u043d\u044b\u0445 \u0438 \u0438\u043d\u0442\u0435\u0440\u0435\u0441\u043d\u044b\u0445 \u0441\u0442\u0430\u0442\u0435\u0439",
      "description": "",
      "is_active": true,
      "created": "2017-10-15T05:31:08.233Z",
      "updated": "2017-11-04T03:17:40.451Z"
   }
},
{
   "model": "products.productimage",
   "pk": 5,
   "fields": {
      "product": 1,
      "image": "products_images/image2.png",
      "is_active": true,
      "is_main": true,
      "created": "2017-10-13T20:45:18.564Z",
      "updated": "2017-10-13T20:48:41.901Z"
   }
},
{
   "model": "products.productimage",
   "pk": 8,
   "fields": {
      "product": 3,
      "image": "products_images/blu6.png",
      "is_active": true,
      "is_main": true,
      "created": "2017-10-13T22:01:11.137Z",
      "updated": "2017-10-13T22:01:11.137Z"
   }
},
{
   "model": "products.productimage",
   "pk": 10,
   "fields": {
      "product": 2,
      "image": "products_images/obvodka-300x206.png",
      "is_active": true,
      "is_main": true,
      "created": "2017-10-13T22:35:47.960Z",
      "updated": "2017-10-13T22:35:47.960Z"
   }
},
{
   "model": "products.productimage",
   "pk": 13,
   "fields": {
      "product": 4,
      "image": "products_images/images_ZiIAprG.jpg",
      "is_active": true,
      "is_main": true,
      "created": "2017-10-14T02:20:40.175Z",
      "updated": "2017-10-14T02:20:40.175Z"
   }
},
{
   "model": "products.productimage",
   "pk": 14,
   "fields": {
      "product": 5,
      "image": "products_images/index.png",
      "is_active": true,
      "is_main": true,
      "created": "2017-10-15T05:23:00.315Z",
      "updated": "2017-10-15T05:23:00.315Z"
   }
},
{
   "model": "products.productimage",
   "pk": 15,
   "fields": {
      "product": 6,
      "image": "products_images/google.jpg",
      "is_active": true,
      "is_main": true,
      "created": "2017-10-15T05:28:09.790Z",
      "updated": "2017-10-15T05:28:09.791Z"
   }
},
{
   "model": "products.productimage",
   "pk": 16,
   "fields": {
      "product": 7,
      "image": "products_images/social.jpg",
      "is_active": true,
      "is_main": true,
      "created": "2017-10-15T05:30:03.983Z",
      "updated": "2017-10-15T05:30:03.983Z"
   }
},
{
   "model": "products.productimage",
   "pk": 17,
   "fields": {
      "product": 8,
      "image": "products_images/content.jpg",
      "is_active": true,
      "is_main": true,
      "created": "2017-10-15T05:31:08.325Z",
      "updated": "2017-10-15T05:31:08.325Z"
   }
},
{
   "model": "orders.status",
   "pk": 1,
   "fields": {
      "name": "\u0412\u044b\u043f\u043e\u043b\u043d\u044f\u0435\u0442\u0441\u044f",
      "is_active": true,
      "created": "2017-10-08T20:31:19.188Z",
      "updated": "2017-10-08T20:31:19.188Z"
   }
},
{
   "model": "orders.status",
   "pk": 2,
   "fields": {
      "name": "\u041f\u0440\u0438\u043e\u0441\u0442\u0430\u043d\u043e\u0432\u043b\u0435\u043d",
      "is_active": true,
      "created": "2017-10-08T20:31:36.739Z",
      "updated": "2017-10-08T20:31:36.739Z"
   }
},
{
   "model": "orders.status",
   "pk": 3,
   "fields": {
      "name": "\u0412 \u043e\u0431\u0440\u0430\u0431\u043e\u0442\u043a\u0435",
      "is_active": true,
      "created": "2017-10-08T20:31:47.940Z",
      "updated": "2017-10-08T20:31:47.940Z"
   }
},
{
   "model": "orders.status",
   "pk": 4,
   "fields": {
      "name": "\u043d\u043e\u0432\u044b\u0439",
      "is_active": true,
      "created": "2017-10-09T14:35:40.174Z",
      "updated": "2017-10-09T14:35:40.174Z"
   }
},
{
   "model": "orders.productinorder",
   "pk": 6,
   "fields": {
      "order": 12,
      "product": 5,
      "nmb": 22,
      "price_per_item": "9000.00",
      "total_price": "198000.00",
      "is_active": true,
      "created": "2017-10-28T17:56:51.750Z",
      "updated": "2017-10-28T17:56:51.750Z"
   }
},
{
   "model": "orders.productinorder",
   "pk": 7,
   "fields": {
      "order": 13,
      "product": 5,
      "nmb": 20,
      "price_per_item": "9000.00",
      "total_price": "180000.00",
      "is_active": true,
      "created": "2017-10-28T17:59:11.324Z",
      "updated": "2017-10-28T17:59:11.324Z"
   }
},
{
   "model": "orders.productinorder",
   "pk": 8,
   "fields": {
      "order": 14,
      "product": 5,
      "nmb": 20,
      "price_per_item": "9000.00",
      "total_price": "180000.00",
      "is_active": true,
      "created": "2017-10-28T17:59:59.558Z",
      "updated": "2017-10-28T17:59:59.558Z"
   }
},
{
   "model": "orders.productinorder",
   "pk": 9,
   "fields": {
      "order": 15,
      "product": 2,
      "nmb": 1,
      "price_per_item": "9990.00",
      "total_price": "9990.00",
      "is_active": true,
      "created": "2017-10-28T18:00:42.804Z",
      "updated": "2017-10-28T18:00:42.804Z"
   }
},
{
   "model": "orders.productinorder",
   "pk": 10,
   "fields": {
      "order": 17,
      "product": 2,
      "nmb": 1,
      "price_per_item": "9990.00",
      "total_price": "9990.00",
      "is_active": true,
      "created": "2017-10-28T18:03:19.481Z",
      "updated": "2017-10-28T18:03:19.481Z"
   }
},
{
   "model": "orders.productinorder",
   "pk": 11,
   "fields": {
      "order": 18,
      "product": 3,
      "nmb": 2,
      "price_per_item": "9990.00",
      "total_price": "19980.00",
      "is_active": true,
      "created": "2017-10-28T19:21:35.511Z",
      "updated": "2017-10-28T19:21:35.511Z"
   }
},
{
   "model": "orders.productinorder",
   "pk": 12,
   "fields": {
      "order": 18,
      "product": 4,
      "nmb": 2,
      "price_per_item": "26000.00",
      "total_price": "52000.00",
      "is_active": true,
      "created": "2017-10-28T19:21:35.937Z",
      "updated": "2017-10-28T19:21:35.937Z"
   }
},
{
   "model": "orders.productinorder",
   "pk": 13,
   "fields": {
      "order": 19,
      "product": 2,
      "nmb": 2,
      "price_per_item": "9990.00",
      "total_price": "19980.00",
      "is_active": true,
      "created": "2017-11-04T02:07:21.726Z",
      "updated": "2017-11-04T02:07:21.726Z"
   }
},
{
   "model": "orders.productinorder",
   "pk": 14,
   "fields": {
      "order": 19,
      "product": 3,
      "nmb": 10,
      "price_per_item": "9990.00",
      "total_price": "99900.00",
      "is_active": true,
      "created": "2017-11-04T02:07:22.282Z",
      "updated": "2017-11-04T02:07:22.282Z"
   }
},
{
   "model": "orders.productinorder",
   "pk": 15,
   "fields": {
      "order": 19,
      "product": 8,
      "nmb": 1,
      "price_per_item": "8000.00",
      "total_price": "8000.00",
      "is_active": true,
      "created": "2017-11-04T02:07:22.954Z",
      "updated": "2017-11-04T02:07:22.954Z"
   }
},
{
   "model": "orders.productinorder",
   "pk": 16,
   "fields": {
      "order": 20,
      "product": 2,
      "nmb": 2,
      "price_per_item": "9990.00",
      "total_price": "19980.00",
      "is_active": true,
      "created": "2017-11-04T02:16:18.034Z",
      "updated": "2017-11-04T02:16:18.034Z"
   }
},
{
   "model": "orders.productinorder",
   "pk": 17,
   "fields": {
      "order": 20,
      "product": 3,
      "nmb": 1,
      "price_per_item": "9990.00",
      "total_price": "9990.00",
      "is_active": true,
      "created": "2017-11-04T02:16:18.755Z",
      "updated": "2017-11-04T02:16:18.755Z"
   }
},
{
   "model": "orders.productinorder",
   "pk": 18,
   "fields": {
      "order": 21,
      "product": 6,
      "nmb": 0,
      "price_per_item": "15000.00",
      "total_price": "0.00",
      "is_active": true,
      "created": "2017-11-04T10:50:57.734Z",
      "updated": "2017-11-04T10:50:57.734Z"
   }
},
{
   "model": "orders.productinorder",
   "pk": 19,
   "fields": {
      "order": 21,
      "product": 4,
      "nmb": 0,
      "price_per_item": "26000.00",
      "total_price": "0.00",
      "is_active": true,
      "created": "2017-11-04T10:50:58.149Z",
      "updated": "2017-11-04T10:50:58.149Z"
   }
},
{
   "model": "orders.productinorder",
   "pk": 20,
   "fields": {
      "order": 22,
      "product": 3,
      "nmb": 2,
      "price_per_item": "9990.00",
      "total_price": "19980.00",
      "is_active": true,
      "created": "2017-11-08T19:55:10.018Z",
      "updated": "2017-11-08T19:55:10.018Z"
   }
},
{
   "model": "orders.productinorder",
   "pk": 21,
   "fields": {
      "order": 23,
      "product": 3,
      "nmb": 2,
      "price_per_item": "9990.00",
      "total_price": "19980.00",
      "is_active": true,
      "created": "2017-11-08T19:55:26.147Z",
      "updated": "2017-11-08T19:55:26.147Z"
   }
},
{
   "model": "orders.productinbasket",
   "pk": 163,
   "fields": {
      "session_key": "jx22xeu4q835iai5fe1t4m3o5z39b3zt",
      "order": null,
      "product": 7,
      "nmb": 1,
      "price_per_item": "15000.00",
      "total_price": "15000.00",
      "is_active": false,
      "created": "2017-11-08T21:27:37.644Z",
      "updated": "2017-11-08T21:27:37.644Z"
   }
},
{
   "model": "orders.productinbasket",
   "pk": 164,
   "fields": {
      "session_key": "jx22xeu4q835iai5fe1t4m3o5z39b3zt",
      "order": null,
      "product": 3,
      "nmb": 1,
      "price_per_item": "9990.00",
      "total_price": "9990.00",
      "is_active": false,
      "created": "2017-11-08T21:27:45.973Z",
      "updated": "2017-11-08T21:27:45.973Z"
   }
},
{
   "model": "orders.productinbasket",
   "pk": 165,
   "fields": {
      "session_key": "jx22xeu4q835iai5fe1t4m3o5z39b3zt",
      "order": null,
      "product": 3,
      "nmb": 1,
      "price_per_item": "9990.00",
      "total_price": "9990.00",
      "is_active": false,
      "created": "2017-11-08T21:31:06.652Z",
      "updated": "2017-11-08T21:31:06.652Z"
   }
},
{
   "model": "orders.productinbasket",
   "pk": 166,
   "fields": {
      "session_key": "jx22xeu4q835iai5fe1t4m3o5z39b3zt",
      "order": null,
      "product": 4,
      "nmb": 4,
      "price_per_item": "26000.00",
      "total_price": "104000.00",
      "is_active": false,
      "created": "2017-11-08T21:31:34.831Z",
      "updated": "2017-11-08T21:32:18.523Z"
   }
},
{
   "model": "orders.productinbasket",
   "pk": 167,
   "fields": {
      "session_key": "jx22xeu4q835iai5fe1t4m3o5z39b3zt",
      "order": null,
      "product": 3,
      "nmb": 7,
      "price_per_item": "9990.00",
      "total_price": "69930.00",
      "is_active": false,
      "created": "2017-11-08T21:33:57.485Z",
      "updated": "2017-11-08T21:35:42.309Z"
   }
},
{
   "model": "orders.productinbasket",
   "pk": 168,
   "fields": {
      "session_key": "jx22xeu4q835iai5fe1t4m3o5z39b3zt",
      "order": null,
      "product": 6,
      "nmb": 1,
      "price_per_item": "15000.00",
      "total_price": "15000.00",
      "is_active": false,
      "created": "2017-11-08T21:35:57.424Z",
      "updated": "2017-11-08T21:35:57.424Z"
   }
},
{
   "model": "orders.productinbasket",
   "pk": 169,
   "fields": {
      "session_key": "jx22xeu4q835iai5fe1t4m3o5z39b3zt",
      "order": null,
      "product": 3,
      "nmb": 1,
      "price_per_item": "9990.00",
      "total_price": "9990.00",
      "is_active": false,
      "created": "2017-11-08T21:47:05.477Z",
      "updated": "2017-11-08T21:47:05.477Z"
   }
},
{
   "model": "orders.productinbasket",
   "pk": 170,
   "fields": {
      "session_key": "kxet76oo0l9stfgsvw5b3pspar2ihdxs",
      "order": null,
      "product": 3,
      "nmb": 2,
      "price_per_item": "9990.00",
      "total_price": "19980.00",
      "is_active": false,
      "created": "2017-11-08T22:10:17.316Z",
      "updated": "2017-11-08T22:10:17.316Z"
   }
},
{
   "model": "orders.productinbasket",
   "pk": 171,
   "fields": {
      "session_key": "kxet76oo0l9stfgsvw5b3pspar2ihdxs",
      "order": null,
      "product": 4,
      "nmb": 3,
      "price_per_item": "26000.00",
      "total_price": "78000.00",
      "is_active": false,
      "created": "2017-11-08T22:15:42.027Z",
      "updated": "2017-11-08T22:15:42.027Z"
   }
},
{
   "model": "orders.productinbasket",
   "pk": 172,
   "fields": {
      "session_key": "kxet76oo0l9stfgsvw5b3pspar2ihdxs",
      "order": null,
      "product": 2,
      "nmb": 1,
      "price_per_item": "9990.00",
      "total_price": "9990.00",
      "is_active": false,
      "created": "2017-11-08T22:16:24.220Z",
      "updated": "2017-11-08T22:16:24.220Z"
   }
},
{
   "model": "orders.productinbasket",
   "pk": 173,
   "fields": {
      "session_key": "kxet76oo0l9stfgsvw5b3pspar2ihdxs",
      "order": null,
      "product": 3,
      "nmb": 3,
      "price_per_item": "9990.00",
      "total_price": "29970.00",
      "is_active": false,
      "created": "2017-11-08T22:16:44.115Z",
      "updated": "2017-11-08T22:16:44.115Z"
   }
},
{
   "model": "orders.productinbasket",
   "pk": 174,
   "fields": {
      "session_key": "kxet76oo0l9stfgsvw5b3pspar2ihdxs",
      "order": null,
      "product": 3,
      "nmb": 5,
      "price_per_item": "9990.00",
      "total_price": "49950.00",
      "is_active": false,
      "created": "2017-11-08T22:17:07.659Z",
      "updated": "2017-11-08T22:27:51.488Z"
   }
},
{
   "model": "orders.productinbasket",
   "pk": 175,
   "fields": {
      "session_key": "kxet76oo0l9stfgsvw5b3pspar2ihdxs",
      "order": null,
      "product": 3,
      "nmb": 2,
      "price_per_item": "9990.00",
      "total_price": "19980.00",
      "is_active": false,
      "created": "2017-11-08T22:41:10.243Z",
      "updated": "2017-11-08T22:41:10.243Z"
   }
},
{
   "model": "orders.productinbasket",
   "pk": 176,
   "fields": {
      "session_key": "kxet76oo0l9stfgsvw5b3pspar2ihdxs",
      "order": null,
      "product": 3,
      "nmb": 3,
      "price_per_item": "9990.00",
      "total_price": "29970.00",
      "is_active": false,
      "created": "2017-11-08T22:45:16.855Z",
      "updated": "2017-11-08T22:45:32.064Z"
   }
},
{
   "model": "orders.productinbasket",
   "pk": 177,
   "fields": {
      "session_key": "kxet76oo0l9stfgsvw5b3pspar2ihdxs",
      "order": null,
      "product": 3,
      "nmb": 2,
      "price_per_item": "9990.00",
      "total_price": "19980.00",
      "is_active": false,
      "created": "2017-11-08T22:46:50.885Z",
      "updated": "2017-11-08T22:46:50.885Z"
   }
},
{
   "model": "orders.productinbasket",
   "pk": 178,
   "fields": {
      "session_key": "kxet76oo0l9stfgsvw5b3pspar2ihdxs",
      "order": null,
      "product": 4,
      "nmb": 2,
      "price_per_item": "26000.00",
      "total_price": "52000.00",
      "is_active": false,
      "created": "2017-11-08T22:47:29.949Z",
      "updated": "2017-11-08T22:47:29.949Z"
   }
},
{
   "model": "orders.productinbasket",
   "pk": 179,
   "fields": {
      "session_key": "kxet76oo0l9stfgsvw5b3pspar2ihdxs",
      "order": null,
      "product": 7,
      "nmb": 2,
      "price_per_item": "15000.00",
      "total_price": "30000.00",
      "is_active": false,
      "created": "2017-11-08T22:47:50.951Z",
      "updated": "2017-11-08T22:47:50.951Z"
   }
},
{
   "model": "orders.productinbasket",
   "pk": 180,
   "fields": {
      "session_key": "kxet76oo0l9stfgsvw5b3pspar2ihdxs",
      "order": null,
      "product": 7,
      "nmb": 2,
      "price_per_item": "15000.00",
      "total_price": "30000.00",
      "is_active": false,
      "created": "2017-11-08T22:51:27.859Z",
      "updated": "2017-11-08T22:51:27.859Z"
   }
},
{
   "model": "orders.productinbasket",
   "pk": 181,
   "fields": {
      "session_key": "jx22xeu4q835iai5fe1t4m3o5z39b3zt",
      "order": null,
      "product": 3,
      "nmb": 1,
      "price_per_item": "9990.00",
      "total_price": "9990.00",
      "is_active": false,
      "created": "2017-11-09T02:12:40.669Z",
      "updated": "2017-11-09T02:12:40.669Z"
   }
},
{
   "model": "orders.productinbasket",
   "pk": 182,
   "fields": {
      "session_key": "jx22xeu4q835iai5fe1t4m3o5z39b3zt",
      "order": null,
      "product": 3,
      "nmb": 1,
      "price_per_item": "9990.00",
      "total_price": "9990.00",
      "is_active": false,
      "created": "2017-11-09T02:13:03.798Z",
      "updated": "2017-11-09T02:13:03.798Z"
   }
},
{
   "model": "orders.productinbasket",
   "pk": 183,
   "fields": {
      "session_key": "jx22xeu4q835iai5fe1t4m3o5z39b3zt",
      "order": null,
      "product": 6,
      "nmb": 2,
      "price_per_item": "15000.00",
      "total_price": "30000.00",
      "is_active": false,
      "created": "2017-11-09T02:13:21.645Z",
      "updated": "2017-11-09T02:13:21.645Z"
   }
},
{
   "model": "orders.productinbasket",
   "pk": 184,
   "fields": {
      "session_key": "jx22xeu4q835iai5fe1t4m3o5z39b3zt",
      "order": null,
      "product": 6,
      "nmb": 2,
      "price_per_item": "15000.00",
      "total_price": "30000.00",
      "is_active": false,
      "created": "2017-11-09T02:14:32.684Z",
      "updated": "2017-11-09T02:14:32.684Z"
   }
},
{
   "model": "orders.productinbasket",
   "pk": 185,
   "fields": {
      "session_key": "jx22xeu4q835iai5fe1t4m3o5z39b3zt",
      "order": null,
      "product": 1,
      "nmb": 2,
      "price_per_item": "15000.06",
      "total_price": "30000.12",
      "is_active": false,
      "created": "2017-11-09T02:14:43.536Z",
      "updated": "2017-11-09T02:14:43.536Z"
   }
},
{
   "model": "orders.productinbasket",
   "pk": 186,
   "fields": {
      "session_key": "jx22xeu4q835iai5fe1t4m3o5z39b3zt",
      "order": null,
      "product": 8,
      "nmb": 1,
      "price_per_item": "8000.00",
      "total_price": "8000.00",
      "is_active": false,
      "created": "2017-11-09T02:14:56.865Z",
      "updated": "2017-11-09T02:14:56.865Z"
   }
},
{
   "model": "orders.productinbasket",
   "pk": 187,
   "fields": {
      "session_key": "jx22xeu4q835iai5fe1t4m3o5z39b3zt",
      "order": null,
      "product": 2,
      "nmb": 2,
      "price_per_item": "9990.00",
      "total_price": "19980.00",
      "is_active": false,
      "created": "2017-11-09T02:15:34.295Z",
      "updated": "2017-11-09T02:15:34.295Z"
   }
},
{
   "model": "orders.productinbasket",
   "pk": 188,
   "fields": {
      "session_key": "jx22xeu4q835iai5fe1t4m3o5z39b3zt",
      "order": null,
      "product": 7,
      "nmb": 2,
      "price_per_item": "15000.00",
      "total_price": "30000.00",
      "is_active": false,
      "created": "2017-11-09T02:29:25.149Z",
      "updated": "2017-11-09T02:29:25.149Z"
   }
},
{
   "model": "orders.productinbasket",
   "pk": 189,
   "fields": {
      "session_key": "jx22xeu4q835iai5fe1t4m3o5z39b3zt",
      "order": null,
      "product": 8,
      "nmb": 1,
      "price_per_item": "8000.00",
      "total_price": "8000.00",
      "is_active": false,
      "created": "2017-11-09T02:29:37.616Z",
      "updated": "2017-11-09T02:29:37.616Z"
   }
},
{
   "model": "orders.productinbasket",
   "pk": 190,
   "fields": {
      "session_key": "jx22xeu4q835iai5fe1t4m3o5z39b3zt",
      "order": null,
      "product": 3,
      "nmb": 1,
      "price_per_item": "9990.00",
      "total_price": "9990.00",
      "is_active": false,
      "created": "2017-11-09T02:30:57.062Z",
      "updated": "2017-11-09T02:30:57.062Z"
   }
},
{
   "model": "orders.productinbasket",
   "pk": 191,
   "fields": {
      "session_key": "jx22xeu4q835iai5fe1t4m3o5z39b3zt",
      "order": null,
      "product": 3,
      "nmb": 3,
      "price_per_item": "9990.00",
      "total_price": "29970.00",
      "is_active": false,
      "created": "2017-11-09T02:42:08.487Z",
      "updated": "2017-11-09T02:42:08.487Z"
   }
},
{
   "model": "orders.productinbasket",
   "pk": 192,
   "fields": {
      "session_key": "jx22xeu4q835iai5fe1t4m3o5z39b3zt",
      "order": null,
      "product": 3,
      "nmb": 1,
      "price_per_item": "9990.00",
      "total_price": "9990.00",
      "is_active": false,
      "created": "2017-11-09T02:42:18.842Z",
      "updated": "2017-11-09T02:42:18.842Z"
   }
},
{
   "model": "orders.productinbasket",
   "pk": 193,
   "fields": {
      "session_key": "jx22xeu4q835iai5fe1t4m3o5z39b3zt",
      "order": null,
      "product": 7,
      "nmb": 1,
      "price_per_item": "15000.00",
      "total_price": "15000.00",
      "is_active": false,
      "created": "2017-11-09T02:43:22.748Z",
      "updated": "2017-11-09T02:43:22.748Z"
   }
},
{
   "model": "orders.productinbasket",
   "pk": 194,
   "fields": {
      "session_key": "jx22xeu4q835iai5fe1t4m3o5z39b3zt",
      "order": null,
      "product": 2,
      "nmb": 1,
      "price_per_item": "9990.00",
      "total_price": "9990.00",
      "is_active": false,
      "created": "2017-11-09T02:48:23.001Z",
      "updated": "2017-11-09T02:48:23.001Z"
   }
},
{
   "model": "orders.productinbasket",
   "pk": 195,
   "fields": {
      "session_key": "jx22xeu4q835iai5fe1t4m3o5z39b3zt",
      "order": null,
      "product": 3,
      "nmb": 1,
      "price_per_item": "9990.00",
      "total_price": "9990.00",
      "is_active": false,
      "created": "2017-11-09T02:49:04.618Z",
      "updated": "2017-11-09T02:49:04.619Z"
   }
},
{
   "model": "orders.productinbasket",
   "pk": 196,
   "fields": {
      "session_key": "jx22xeu4q835iai5fe1t4m3o5z39b3zt",
      "order": null,
      "product": 3,
      "nmb": 3,
      "price_per_item": "9990.00",
      "total_price": "29970.00",
      "is_active": false,
      "created": "2017-11-09T02:52:58.030Z",
      "updated": "2017-11-09T02:53:07.893Z"
   }
},
{
   "model": "orders.productinbasket",
   "pk": 197,
   "fields": {
      "session_key": "jx22xeu4q835iai5fe1t4m3o5z39b3zt",
      "order": null,
      "product": 8,
      "nmb": 2,
      "price_per_item": "8000.00",
      "total_price": "16000.00",
      "is_active": false,
      "created": "2017-11-09T02:53:16.514Z",
      "updated": "2017-11-09T02:53:16.516Z"
   }
},
{
   "model": "orders.productinbasket",
   "pk": 198,
   "fields": {
      "session_key": "jx22xeu4q835iai5fe1t4m3o5z39b3zt",
      "order": null,
      "product": 6,
      "nmb": 1,
      "price_per_item": "15000.00",
      "total_price": "15000.00",
      "is_active": false,
      "created": "2017-11-09T02:53:23.683Z",
      "updated": "2017-11-09T02:53:23.683Z"
   }
},
{
   "model": "orders.productinbasket",
   "pk": 199,
   "fields": {
      "session_key": "jx22xeu4q835iai5fe1t4m3o5z39b3zt",
      "order": null,
      "product": 4,
      "nmb": 8,
      "price_per_item": "26000.00",
      "total_price": "208000.00",
      "is_active": false,
      "created": "2017-11-09T02:53:43.052Z",
      "updated": "2017-11-09T02:54:26.252Z"
   }
},
{
   "model": "orders.productinbasket",
   "pk": 200,
   "fields": {
      "session_key": "jx22xeu4q835iai5fe1t4m3o5z39b3zt",
      "order": null,
      "product": 2,
      "nmb": 1,
      "price_per_item": "9990.00",
      "total_price": "9990.00",
      "is_active": false,
      "created": "2017-11-09T02:54:38.159Z",
      "updated": "2017-11-09T02:54:38.159Z"
   }
},
{
   "model": "orders.productinbasket",
   "pk": 201,
   "fields": {
      "session_key": "jx22xeu4q835iai5fe1t4m3o5z39b3zt",
      "order": null,
      "product": 3,
      "nmb": 3,
      "price_per_item": "9990.00",
      "total_price": "29970.00",
      "is_active": false,
      "created": "2017-11-09T02:58:02.356Z",
      "updated": "2017-11-09T02:58:53.582Z"
   }
},
{
   "model": "orders.productinbasket",
   "pk": 202,
   "fields": {
      "session_key": "jx22xeu4q835iai5fe1t4m3o5z39b3zt",
      "order": null,
      "product": 2,
      "nmb": 1,
      "price_per_item": "9990.00",
      "total_price": "9990.00",
      "is_active": false,
      "created": "2017-11-09T03:00:04.095Z",
      "updated": "2017-11-09T03:00:04.095Z"
   }
},
{
   "model": "orders.productinbasket",
   "pk": 203,
   "fields": {
      "session_key": "jx22xeu4q835iai5fe1t4m3o5z39b3zt",
      "order": null,
      "product": 1,
      "nmb": 1,
      "price_per_item": "15000.06",
      "total_price": "15000.06",
      "is_active": false,
      "created": "2017-11-09T03:00:14.490Z",
      "updated": "2017-11-09T03:00:14.490Z"
   }
},
{
   "model": "orders.productinbasket",
   "pk": 204,
   "fields": {
      "session_key": "jx22xeu4q835iai5fe1t4m3o5z39b3zt",
      "order": null,
      "product": 1,
      "nmb": 4,
      "price_per_item": "15000.06",
      "total_price": "60000.24",
      "is_active": false,
      "created": "2017-11-09T03:02:14.737Z",
      "updated": "2017-11-09T03:02:24.397Z"
   }
},
{
   "model": "orders.productinbasket",
   "pk": 205,
   "fields": {
      "session_key": "jx22xeu4q835iai5fe1t4m3o5z39b3zt",
      "order": null,
      "product": 8,
      "nmb": 2,
      "price_per_item": "8000.00",
      "total_price": "16000.00",
      "is_active": false,
      "created": "2017-11-09T03:02:33.843Z",
      "updated": "2017-11-09T03:02:33.843Z"
   }
},
{
   "model": "orders.productinbasket",
   "pk": 206,
   "fields": {
      "session_key": "jx22xeu4q835iai5fe1t4m3o5z39b3zt",
      "order": null,
      "product": 4,
      "nmb": 1,
      "price_per_item": "26000.00",
      "total_price": "26000.00",
      "is_active": false,
      "created": "2017-11-09T03:02:49.309Z",
      "updated": "2017-11-09T03:02:49.309Z"
   }
},
{
   "model": "orders.productinbasket",
   "pk": 207,
   "fields": {
      "session_key": "jx22xeu4q835iai5fe1t4m3o5z39b3zt",
      "order": null,
      "product": 4,
      "nmb": 1,
      "price_per_item": "26000.00",
      "total_price": "26000.00",
      "is_active": false,
      "created": "2017-11-09T03:03:20.668Z",
      "updated": "2017-11-09T03:03:20.669Z"
   }
},
{
   "model": "orders.productinbasket",
   "pk": 208,
   "fields": {
      "session_key": "jx22xeu4q835iai5fe1t4m3o5z39b3zt",
      "order": null,
      "product": 4,
      "nmb": 1,
      "price_per_item": "26000.00",
      "total_price": "26000.00",
      "is_active": false,
      "created": "2017-11-09T03:03:48.842Z",
      "updated": "2017-11-09T03:03:48.842Z"
   }
},
{
   "model": "orders.productinbasket",
   "pk": 209,
   "fields": {
      "session_key": "jx22xeu4q835iai5fe1t4m3o5z39b3zt",
      "order": null,
      "product": 4,
      "nmb": 1,
      "price_per_item": "26000.00",
      "total_price": "26000.00",
      "is_active": false,
      "created": "2017-11-09T03:04:27.560Z",
      "updated": "2017-11-09T03:04:27.560Z"
   }
},
{
   "model": "orders.productinbasket",
   "pk": 210,
   "fields": {
      "session_key": "jx22xeu4q835iai5fe1t4m3o5z39b3zt",
      "order": null,
      "product": 1,
      "nmb": 1,
      "price_per_item": "15000.06",
      "total_price": "15000.06",
      "is_active": false,
      "created": "2017-11-09T03:04:35.893Z",
      "updated": "2017-11-09T03:04:35.893Z"
   }
},
{
   "model": "orders.productinbasket",
   "pk": 211,
   "fields": {
      "session_key": "jx22xeu4q835iai5fe1t4m3o5z39b3zt",
      "order": null,
      "product": 1,
      "nmb": 1,
      "price_per_item": "15000.06",
      "total_price": "15000.06",
      "is_active": false,
      "created": "2017-11-09T03:08:20.943Z",
      "updated": "2017-11-09T03:08:20.943Z"
   }
},
{
   "model": "orders.productinbasket",
   "pk": 212,
   "fields": {
      "session_key": "jx22xeu4q835iai5fe1t4m3o5z39b3zt",
      "order": null,
      "product": 2,
      "nmb": 3,
      "price_per_item": "9990.00",
      "total_price": "29970.00",
      "is_active": false,
      "created": "2017-11-09T03:10:28.438Z",
      "updated": "2017-11-09T03:18:14.591Z"
   }
},
{
   "model": "orders.productinbasket",
   "pk": 213,
   "fields": {
      "session_key": "jx22xeu4q835iai5fe1t4m3o5z39b3zt",
      "order": null,
      "product": 2,
      "nmb": 2,
      "price_per_item": "9990.00",
      "total_price": "19980.00",
      "is_active": true,
      "created": "2017-11-09T03:52:23.794Z",
      "updated": "2017-11-09T03:52:23.794Z"
   }
},
{
   "model": "auth.permission",
   "pk": 1,
   "fields": {
      "name": "Can add log entry",
      "content_type": 1,
      "codename": "add_logentry"
   }
},
{
   "model": "auth.permission",
   "pk": 2,
   "fields": {
      "name": "Can change log entry",
      "content_type": 1,
      "codename": "change_logentry"
   }
},
{
   "model": "auth.permission",
   "pk": 3,
   "fields": {
      "name": "Can delete log entry",
      "content_type": 1,
      "codename": "delete_logentry"
   }
},
{
   "model": "auth.permission",
   "pk": 4,
   "fields": {
      "name": "Can add permission",
      "content_type": 2,
      "codename": "add_permission"
   }
},
{
   "model": "auth.permission",
   "pk": 5,
   "fields": {
      "name": "Can change permission",
      "content_type": 2,
      "codename": "change_permission"
   }
},
{
   "model": "auth.permission",
   "pk": 6,
   "fields": {
      "name": "Can delete permission",
      "content_type": 2,
      "codename": "delete_permission"
   }
},
{
   "model": "auth.permission",
   "pk": 7,
   "fields": {
      "name": "Can add group",
      "content_type": 3,
      "codename": "add_group"
   }
},
{
   "model": "auth.permission",
   "pk": 8,
   "fields": {
      "name": "Can change group",
      "content_type": 3,
      "codename": "change_group"
   }
},
{
   "model": "auth.permission",
   "pk": 9,
   "fields": {
      "name": "Can delete group",
      "content_type": 3,
      "codename": "delete_group"
   }
},
{
   "model": "auth.permission",
   "pk": 10,
   "fields": {
      "name": "Can add user",
      "content_type": 4,
      "codename": "add_user"
   }
},
{
   "model": "auth.permission",
   "pk": 11,
   "fields": {
      "name": "Can change user",
      "content_type": 4,
      "codename": "change_user"
   }
},
{
   "model": "auth.permission",
   "pk": 12,
   "fields": {
      "name": "Can delete user",
      "content_type": 4,
      "codename": "delete_user"
   }
},
{
   "model": "auth.permission",
   "pk": 13,
   "fields": {
      "name": "Can add content type",
      "content_type": 5,
      "codename": "add_contenttype"
   }
},
{
   "model": "auth.permission",
   "pk": 14,
   "fields": {
      "name": "Can change content type",
      "content_type": 5,
      "codename": "change_contenttype"
   }
},
{
   "model": "auth.permission",
   "pk": 15,
   "fields": {
      "name": "Can delete content type",
      "content_type": 5,
      "codename": "delete_contenttype"
   }
},
{
   "model": "auth.permission",
   "pk": 16,
   "fields": {
      "name": "Can add session",
      "content_type": 6,
      "codename": "add_session"
   }
},
{
   "model": "auth.permission",
   "pk": 17,
   "fields": {
      "name": "Can change session",
      "content_type": 6,
      "codename": "change_session"
   }
},
{
   "model": "auth.permission",
   "pk": 18,
   "fields": {
      "name": "Can delete session",
      "content_type": 6,
      "codename": "delete_session"
   }
},
{
   "model": "auth.permission",
   "pk": 19,
   "fields": {
      "name": "Can add subscribers",
      "content_type": 7,
      "codename": "add_subscribers"
   }
},
{
   "model": "auth.permission",
   "pk": 20,
   "fields": {
      "name": "Can change subscribers",
      "content_type": 7,
      "codename": "change_subscribers"
   }
},
{
   "model": "auth.permission",
   "pk": 21,
   "fields": {
      "name": "Can delete subscribers",
      "content_type": 7,
      "codename": "delete_subscribers"
   }
},
{
   "model": "auth.permission",
   "pk": 22,
   "fields": {
      "name": "Can add subscriber",
      "content_type": 7,
      "codename": "add_subscriber"
   }
},
{
   "model": "auth.permission",
   "pk": 23,
   "fields": {
      "name": "Can change subscriber",
      "content_type": 7,
      "codename": "change_subscriber"
   }
},
{
   "model": "auth.permission",
   "pk": 24,
   "fields": {
      "name": "Can delete subscriber",
      "content_type": 7,
      "codename": "delete_subscriber"
   }
},
{
   "model": "auth.permission",
   "pk": 25,
   "fields": {
      "name": "Can add \u0422\u043e\u0432\u0430\u0440",
      "content_type": 8,
      "codename": "add_product"
   }
},
{
   "model": "auth.permission",
   "pk": 26,
   "fields": {
      "name": "Can change \u0422\u043e\u0432\u0430\u0440",
      "content_type": 8,
      "codename": "change_product"
   }
},
{
   "model": "auth.permission",
   "pk": 27,
   "fields": {
      "name": "Can delete \u0422\u043e\u0432\u0430\u0440",
      "content_type": 8,
      "codename": "delete_product"
   }
},
{
   "model": "auth.permission",
   "pk": 28,
   "fields": {
      "name": "Can add \u0424\u043e\u0442\u043e\u0433\u0440\u0430\u0444\u0438\u044f",
      "content_type": 9,
      "codename": "add_productimage"
   }
},
{
   "model": "auth.permission",
   "pk": 29,
   "fields": {
      "name": "Can change \u0424\u043e\u0442\u043e\u0433\u0440\u0430\u0444\u0438\u044f",
      "content_type": 9,
      "codename": "change_productimage"
   }
},
{
   "model": "auth.permission",
   "pk": 30,
   "fields": {
      "name": "Can delete \u0424\u043e\u0442\u043e\u0433\u0440\u0430\u0444\u0438\u044f",
      "content_type": 9,
      "codename": "delete_productimage"
   }
},
{
   "model": "auth.permission",
   "pk": 31,
   "fields": {
      "name": "Can add \u0421\u0442\u0430\u0442\u0443\u0441 \u0437\u0430\u043a\u0430\u0437\u0430",
      "content_type": 10,
      "codename": "add_status"
   }
},
{
   "model": "auth.permission",
   "pk": 32,
   "fields": {
      "name": "Can change \u0421\u0442\u0430\u0442\u0443\u0441 \u0437\u0430\u043a\u0430\u0437\u0430",
      "content_type": 10,
      "codename": "change_status"
   }
},
{
   "model": "auth.permission",
   "pk": 33,
   "fields": {
      "name": "Can delete \u0421\u0442\u0430\u0442\u0443\u0441 \u0437\u0430\u043a\u0430\u0437\u0430",
      "content_type": 10,
      "codename": "delete_status"
   }
},
{
   "model": "auth.permission",
   "pk": 34,
   "fields": {
      "name": "Can add \u0417\u0430\u043a\u0430\u0437",
      "content_type": 11,
      "codename": "add_order"
   }
},
{
   "model": "auth.permission",
   "pk": 35,
   "fields": {
      "name": "Can change \u0417\u0430\u043a\u0430\u0437",
      "content_type": 11,
      "codename": "change_order"
   }
},
{
   "model": "auth.permission",
   "pk": 36,
   "fields": {
      "name": "Can delete \u0417\u0430\u043a\u0430\u0437",
      "content_type": 11,
      "codename": "delete_order"
   }
},
{
   "model": "auth.permission",
   "pk": 37,
   "fields": {
      "name": "Can add \u0422\u043e\u0432\u0430\u0440",
      "content_type": 12,
      "codename": "add_productinorder"
   }
},
{
   "model": "auth.permission",
   "pk": 38,
   "fields": {
      "name": "Can change \u0422\u043e\u0432\u0430\u0440",
      "content_type": 12,
      "codename": "change_productinorder"
   }
},
{
   "model": "auth.permission",
   "pk": 39,
   "fields": {
      "name": "Can delete \u0422\u043e\u0432\u0430\u0440",
      "content_type": 12,
      "codename": "delete_productinorder"
   }
},
{
   "model": "auth.permission",
   "pk": 40,
   "fields": {
      "name": "Can add \u041a\u0430\u0442\u0435\u0433\u043e\u0440\u0438\u044f \u0442\u043e\u0432\u0430\u0440\u0430",
      "content_type": 13,
      "codename": "add_productcategory"
   }
},
{
   "model": "auth.permission",
   "pk": 41,
   "fields": {
      "name": "Can change \u041a\u0430\u0442\u0435\u0433\u043e\u0440\u0438\u044f \u0442\u043e\u0432\u0430\u0440\u0430",
      "content_type": 13,
      "codename": "change_productcategory"
   }
},
{
   "model": "auth.permission",
   "pk": 42,
   "fields": {
      "name": "Can delete \u041a\u0430\u0442\u0435\u0433\u043e\u0440\u0438\u044f \u0442\u043e\u0432\u0430\u0440\u0430",
      "content_type": 13,
      "codename": "delete_productcategory"
   }
},
{
   "model": "auth.permission",
   "pk": 43,
   "fields": {
      "name": "Can add \u0422\u043e\u0432\u0430\u0440 \u0432 \u043a\u043e\u0440\u0437\u0438\u043d\u0435",
      "content_type": 14,
      "codename": "add_productinbasket"
   }
},
{
   "model": "auth.permission",
   "pk": 44,
   "fields": {
      "name": "Can change \u0422\u043e\u0432\u0430\u0440 \u0432 \u043a\u043e\u0440\u0437\u0438\u043d\u0435",
      "content_type": 14,
      "codename": "change_productinbasket"
   }
},
{
   "model": "auth.permission",
   "pk": 45,
   "fields": {
      "name": "Can delete \u0422\u043e\u0432\u0430\u0440 \u0432 \u043a\u043e\u0440\u0437\u0438\u043d\u0435",
      "content_type": 14,
      "codename": "delete_productinbasket"
   }
},
{
   "model": "auth.user",
   "pk": 4,
   "fields": {
      "password": "pbkdf2_sha256$36000$XuwXCF6K1E5Z$zlUQ0gmwAHD1Tp0heVw44t5mdr/eDr+GXacs8GgL/lI=",
      "last_login": "2017-11-04T02:07:48.623Z",
      "is_superuser": true,
      "username": "admin",
      "first_name": "",
      "last_name": "",
      "email": "bullat2015@mail.ru",
      "is_staff": true,
      "is_active": true,
      "date_joined": "2017-10-28T16:06:21.033Z",
      "groups": [],
      "user_permissions": []
   }
},
{
   "model": "auth.user",
   "pk": 5,
   "fields": {
      "password": "",
      "last_login": null,
      "is_superuser": false,
      "username": "8999 567473",
      "first_name": "TestTestTest",
      "last_name": "",
      "email": "",
      "is_staff": false,
      "is_active": true,
      "date_joined": "2017-10-28T16:09:45.000Z",
      "groups": [],
      "user_permissions": []
   }
},
{
   "model": "auth.user",
   "pk": 6,
   "fields": {
      "password": "",
      "last_login": null,
      "is_superuser": false,
      "username": "1234567890",
      "first_name": "\u041a\u043e\u0434\u0438\u0432\u0443\u0430\u0440",
      "last_name": "",
      "email": "",
      "is_staff": false,
      "is_active": true,
      "date_joined": "2017-10-28T16:15:09.277Z",
      "groups": [],
      "user_permissions": []
   }
},
{
   "model": "auth.user",
   "pk": 7,
   "fields": {
      "password": "",
      "last_login": null,
      "is_superuser": false,
      "username": "456",
      "first_name": "\u041a\u043e\u0434\u0438\u0432\u0443\u0430\u04402",
      "last_name": "",
      "email": "",
      "is_staff": false,
      "is_active": true,
      "date_joined": "2017-10-28T16:20:29.143Z",
      "groups": [],
      "user_permissions": []
   }
},
{
   "model": "auth.user",
   "pk": 8,
   "fields": {
      "password": "",
      "last_login": null,
      "is_superuser": false,
      "username": "456789",
      "first_name": "\u041a\u043e\u0434\u0438\u0432\u0443\u0430\u04403",
      "last_name": "",
      "email": "",
      "is_staff": false,
      "is_active": true,
      "date_joined": "2017-10-28T16:27:11.612Z",
      "groups": [],
      "user_permissions": []
   }
},
{
   "model": "auth.user",
   "pk": 9,
   "fields": {
      "password": "",
      "last_login": null,
      "is_superuser": false,
      "username": "890",
      "first_name": "Ivan",
      "last_name": "",
      "email": "",
      "is_staff": false,
      "is_active": true,
      "date_joined": "2017-10-28T17:56:51.195Z",
      "groups": [],
      "user_permissions": []
   }
},
{
   "model": "auth.user",
   "pk": 10,
   "fields": {
      "password": "",
      "last_login": null,
      "is_superuser": false,
      "username": "8900",
      "first_name": "Ivan2",
      "last_name": "",
      "email": "",
      "is_staff": false,
      "is_active": true,
      "date_joined": "2017-10-28T17:59:10.439Z",
      "groups": [],
      "user_permissions": []
   }
},
{
   "model": "auth.user",
   "pk": 11,
   "fields": {
      "password": "",
      "last_login": null,
      "is_superuser": false,
      "username": "001",
      "first_name": "12",
      "last_name": "",
      "email": "",
      "is_staff": false,
      "is_active": true,
      "date_joined": "2017-10-28T18:00:42.020Z",
      "groups": [],
      "user_permissions": []
   }
},
{
   "model": "auth.user",
   "pk": 12,
   "fields": {
      "password": "",
      "last_login": null,
      "is_superuser": false,
      "username": "0012",
      "first_name": "122",
      "last_name": "",
      "email": "",
      "is_staff": false,
      "is_active": true,
      "date_joined": "2017-10-28T18:01:35.420Z",
      "groups": [],
      "user_permissions": []
   }
},
{
   "model": "auth.user",
   "pk": 13,
   "fields": {
      "password": "",
      "last_login": null,
      "is_superuser": false,
      "username": "00122",
      "first_name": "1222",
      "last_name": "",
      "email": "",
      "is_staff": false,
      "is_active": true,
      "date_joined": "2017-10-28T18:03:19.051Z",
      "groups": [],
      "user_permissions": []
   }
},
{
   "model": "auth.user",
   "pk": 14,
   "fields": {
      "password": "",
      "last_login": null,
      "is_superuser": false,
      "username": "2222222222",
      "first_name": "11111111111",
      "last_name": "",
      "email": "",
      "is_staff": false,
      "is_active": true,
      "date_joined": "2017-10-28T19:21:34.810Z",
      "groups": [],
      "user_permissions": []
   }
},
{
   "model": "auth.user",
   "pk": 15,
   "fields": {
      "password": "",
      "last_login": null,
      "is_superuser": false,
      "username": "+79045671842",
      "first_name": "GoldTeam",
      "last_name": "",
      "email": "",
      "is_staff": false,
      "is_active": true,
      "date_joined": "2017-11-04T02:07:21.018Z",
      "groups": [],
      "user_permissions": []
   }
},
{
   "model": "auth.user",
   "pk": 16,
   "fields": {
      "password": "",
      "last_login": null,
      "is_superuser": false,
      "username": "9999999999",
      "first_name": "GoldTeam2",
      "last_name": "",
      "email": "",
      "is_staff": false,
      "is_active": true,
      "date_joined": "2017-11-04T02:16:17.379Z",
      "groups": [],
      "user_permissions": []
   }
},
{
   "model": "auth.user",
   "pk": 17,
   "fields": {
      "password": "",
      "last_login": null,
      "is_superuser": false,
      "username": "22",
      "first_name": "22",
      "last_name": "",
      "email": "",
      "is_staff": false,
      "is_active": true,
      "date_joined": "2017-11-04T10:50:57.212Z",
      "groups": [],
      "user_permissions": []
   }
},
{
   "model": "auth.user",
   "pk": 18,
   "fields": {
      "password": "",
      "last_login": null,
      "is_superuser": false,
      "username": "33324324234",
      "first_name": "sdfdfdss",
      "last_name": "",
      "email": "",
      "is_staff": false,
      "is_active": true,
      "date_joined": "2017-11-08T19:55:09.394Z",
      "groups": [],
      "user_permissions": []
   }
},
{
   "model": "orders.order",
   "pk": 5,
   "fields": {
      "user": 5,
      "total_price": "0.00",
      "customer_name": "TestTestTest",
      "customer_email": null,
      "customer_phone": "8999 567473",
      "customer_address": null,
      "comments": null,
      "status": 1,
      "created": "2017-10-28T16:09:45.133Z",
      "updated": "2017-10-28T16:09:45.133Z"
   }
},
{
   "model": "orders.order",
   "pk": 6,
   "fields": {
      "user": 6,
      "total_price": "0.00",
      "customer_name": "\u041a\u043e\u0434\u0438\u0432\u0443\u0430\u0440",
      "customer_email": null,
      "customer_phone": "1234567890",
      "customer_address": null,
      "comments": null,
      "status": 1,
      "created": "2017-10-28T16:15:09.377Z",
      "updated": "2017-10-28T16:15:09.377Z"
   }
},
{
   "model": "orders.order",
   "pk": 7,
   "fields": {
      "user": 6,
      "total_price": "0.00",
      "customer_name": "\u041a\u043e\u0434\u0438\u0432\u0443\u0430\u0440",
      "customer_email": null,
      "customer_phone": "1234567890",
      "customer_address": null,
      "comments": null,
      "status": 1,
      "created": "2017-10-28T16:15:25.089Z",
      "updated": "2017-10-28T16:15:25.089Z"
   }
},
{
   "model": "orders.order",
   "pk": 8,
   "fields": {
      "user": 6,
      "total_price": "0.00",
      "customer_name": "\u041a\u043e\u0434\u0438\u0432\u0443\u0430\u0440",
      "customer_email": null,
      "customer_phone": "1234567890",
      "customer_address": null,
      "comments": null,
      "status": 1,
      "created": "2017-10-28T16:20:05.125Z",
      "updated": "2017-10-28T16:20:05.125Z"
   }
},
{
   "model": "orders.order",
   "pk": 9,
   "fields": {
      "user": 7,
      "total_price": "0.00",
      "customer_name": "\u041a\u043e\u0434\u0438\u0432\u0443\u0430\u04402",
      "customer_email": null,
      "customer_phone": "456",
      "customer_address": null,
      "comments": null,
      "status": 1,
      "created": "2017-10-28T16:20:29.269Z",
      "updated": "2017-10-28T16:20:29.269Z"
   }
},
{
   "model": "orders.order",
   "pk": 10,
   "fields": {
      "user": 7,
      "total_price": "0.00",
      "customer_name": "\u041a\u043e\u0434\u0438\u0432\u0443\u0430\u04402",
      "customer_email": null,
      "customer_phone": "456",
      "customer_address": null,
      "comments": null,
      "status": 1,
      "created": "2017-10-28T16:26:39.326Z",
      "updated": "2017-10-28T16:26:39.326Z"
   }
},
{
   "model": "orders.order",
   "pk": 11,
   "fields": {
      "user": 8,
      "total_price": "0.00",
      "customer_name": "\u041a\u043e\u0434\u0438\u0432\u0443\u0430\u04403",
      "customer_email": null,
      "customer_phone": "456789",
      "customer_address": null,
      "comments": null,
      "status": 1,
      "created": "2017-10-28T16:27:11.812Z",
      "updated": "2017-10-28T16:27:11.812Z"
   }
},
{
   "model": "orders.order",
   "pk": 12,
   "fields": {
      "user": 9,
      "total_price": "198000.00",
      "customer_name": "Ivan",
      "customer_email": null,
      "customer_phone": "890",
      "customer_address": null,
      "comments": null,
      "status": 1,
      "created": "2017-10-28T17:56:51.400Z",
      "updated": "2017-10-28T17:56:52.069Z"
   }
},
{
   "model": "orders.order",
   "pk": 13,
   "fields": {
      "user": 10,
      "total_price": "180000.00",
      "customer_name": "Ivan2",
      "customer_email": null,
      "customer_phone": "8900",
      "customer_address": null,
      "comments": null,
      "status": 1,
      "created": "2017-10-28T17:59:10.876Z",
      "updated": "2017-10-28T17:59:11.459Z"
   }
},
{
   "model": "orders.order",
   "pk": 14,
   "fields": {
      "user": 10,
      "total_price": "180000.00",
      "customer_name": "Ivan2",
      "customer_email": null,
      "customer_phone": "8900",
      "customer_address": null,
      "comments": null,
      "status": 1,
      "created": "2017-10-28T17:59:59.243Z",
      "updated": "2017-10-28T17:59:59.728Z"
   }
},
{
   "model": "orders.order",
   "pk": 15,
   "fields": {
      "user": 11,
      "total_price": "9990.00",
      "customer_name": "12",
      "customer_email": null,
      "customer_phone": "001",
      "customer_address": null,
      "comments": null,
      "status": 1,
      "created": "2017-10-28T18:00:42.205Z",
      "updated": "2017-10-28T18:00:42.925Z"
   }
},
{
   "model": "orders.order",
   "pk": 16,
   "fields": {
      "user": 12,
      "total_price": "0.00",
      "customer_name": "122",
      "customer_email": null,
      "customer_phone": "0012",
      "customer_address": null,
      "comments": null,
      "status": 1,
      "created": "2017-10-28T18:01:35.544Z",
      "updated": "2017-10-28T18:01:35.544Z"
   }
},
{
   "model": "orders.order",
   "pk": 17,
   "fields": {
      "user": 13,
      "total_price": "9990.00",
      "customer_name": "1222",
      "customer_email": null,
      "customer_phone": "00122",
      "customer_address": null,
      "comments": null,
      "status": 1,
      "created": "2017-10-28T18:03:19.226Z",
      "updated": "2017-10-28T18:03:19.611Z"
   }
},
{
   "model": "orders.order",
   "pk": 18,
   "fields": {
      "user": 14,
      "total_price": "71980.00",
      "customer_name": "11111111111",
      "customer_email": null,
      "customer_phone": "2222222222",
      "customer_address": null,
      "comments": null,
      "status": 1,
      "created": "2017-10-28T19:21:35.015Z",
      "updated": "2017-10-28T19:21:36.078Z"
   }
},
{
   "model": "orders.order",
   "pk": 19,
   "fields": {
      "user": 15,
      "total_price": "127880.00",
      "customer_name": "GoldTeam",
      "customer_email": null,
      "customer_phone": "+79045671842",
      "customer_address": null,
      "comments": "\u0417\u0430\u043a\u0430\u0437 \u043e\u0442 4 \u043d\u043e\u044f\u0431\u0440\u044f 2017, \u0421\u0420\u041e\u0427\u041d\u042b\u0419!!!",
      "status": 3,
      "created": "2017-11-04T02:07:21.295Z",
      "updated": "2017-11-04T02:08:50.360Z"
   }
},
{
   "model": "orders.order",
   "pk": 20,
   "fields": {
      "user": 16,
      "total_price": "29970.00",
      "customer_name": "GoldTeam2",
      "customer_email": "customer66^@inbpx.com",
      "customer_phone": "9999999999",
      "customer_address": "\u041a\u0430\u0437\u0430\u043d\u044c \u0424\u0443\u0447\u0438\u043a\u0430 555",
      "comments": "\u043e\u0442 4 \u043d\u043e\u044f\u0431\u0440\u044f 2017 5:16",
      "status": 1,
      "created": "2017-11-04T02:16:17.567Z",
      "updated": "2017-11-04T02:17:46.719Z"
   }
},
{
   "model": "orders.order",
   "pk": 21,
   "fields": {
      "user": 17,
      "total_price": "0.00",
      "customer_name": "22",
      "customer_email": null,
      "customer_phone": "22",
      "customer_address": null,
      "comments": null,
      "status": 1,
      "created": "2017-11-04T10:50:57.532Z",
      "updated": "2017-11-04T10:50:58.296Z"
   }
},
{
   "model": "orders.order",
   "pk": 22,
   "fields": {
      "user": 18,
      "total_price": "19980.00",
      "customer_name": "sdfdfdss",
      "customer_email": null,
      "customer_phone": "33324324234",
      "customer_address": null,
      "comments": null,
      "status": 1,
      "created": "2017-11-08T19:55:09.739Z",
      "updated": "2017-11-08T19:55:10.153Z"
   }
},
{
   "model": "orders.order",
   "pk": 23,
   "fields": {
      "user": 18,
      "total_price": "19980.00",
      "customer_name": "sdfdfdss",
      "customer_email": null,
      "customer_phone": "33324324234",
      "customer_address": null,
      "comments": null,
      "status": 1,
      "created": "2017-11-08T19:55:25.848Z",
      "updated": "2017-11-08T19:55:26.262Z"
   }
},
{
   "model": "admin.logentry",
   "pk": 172,
   "fields": {
      "action_time": "2017-10-28T19:11:43.839Z",
      "user": 4,
      "content_type": 14,
      "object_id": "66",
      "object_repr": "\u0423\u043d\u0438\u043a\u0430\u043b\u044c\u043d\u044b\u0439 \u043b\u043e\u0433\u043e\u0442\u0438\u043f",
      "action_flag": 3,
      "change_message": ""
   }
},
{
   "model": "admin.logentry",
   "pk": 173,
   "fields": {
      "action_time": "2017-10-28T19:11:44.231Z",
      "user": 4,
      "content_type": 14,
      "object_id": "65",
      "object_repr": "\u0414\u0438\u0437\u0430\u0439\u043d \u0441\u0430\u0439\u0442\u0430",
      "action_flag": 3,
      "change_message": ""
   }
},
{
   "model": "admin.logentry",
   "pk": 174,
   "fields": {
      "action_time": "2017-10-28T19:11:44.352Z",
      "user": 4,
      "content_type": 14,
      "object_id": "64",
      "object_repr": "\u041e\u043f\u0442\u0438\u043c\u0438\u0437\u0430\u0446\u0438\u044f \u0441\u0430\u0439\u0442\u0430",
      "action_flag": 3,
      "change_message": ""
   }
},
{
   "model": "admin.logentry",
   "pk": 175,
   "fields": {
      "action_time": "2017-10-28T19:11:44.531Z",
      "user": 4,
      "content_type": 14,
      "object_id": "63",
      "object_repr": "\u041c\u0430\u0440\u043a\u0435\u0442\u0438\u043d\u0433 (SMM)",
      "action_flag": 3,
      "change_message": ""
   }
},
{
   "model": "admin.logentry",
   "pk": 176,
   "fields": {
      "action_time": "2017-10-28T19:11:44.677Z",
      "user": 4,
      "content_type": 14,
      "object_id": "62",
      "object_repr": "\u0418\u043d\u0442\u0435\u0440\u043d\u0435\u0442 - \u043c\u0430\u0433\u0430\u0437\u0438\u043d",
      "action_flag": 3,
      "change_message": ""
   }
},
{
   "model": "admin.logentry",
   "pk": 177,
   "fields": {
      "action_time": "2017-10-28T19:11:44.798Z",
      "user": 4,
      "content_type": 14,
      "object_id": "61",
      "object_repr": "\u041a\u043e\u043d\u0442\u0435\u043d\u0442",
      "action_flag": 3,
      "change_message": ""
   }
},
{
   "model": "admin.logentry",
   "pk": 178,
   "fields": {
      "action_time": "2017-10-28T19:11:44.905Z",
      "user": 4,
      "content_type": 14,
      "object_id": "60",
      "object_repr": "\u0420\u0435\u043a\u043b\u0430\u043c\u0430",
      "action_flag": 3,
      "change_message": ""
   }
},
{
   "model": "admin.logentry",
   "pk": 179,
   "fields": {
      "action_time": "2017-10-28T19:11:45.044Z",
      "user": 4,
      "content_type": 14,
      "object_id": "59",
      "object_repr": "\u0420\u0435\u043a\u043b\u0430\u043c\u0430",
      "action_flag": 3,
      "change_message": ""
   }
},
{
   "model": "admin.logentry",
   "pk": 180,
   "fields": {
      "action_time": "2017-10-28T19:11:45.269Z",
      "user": 4,
      "content_type": 14,
      "object_id": "58",
      "object_repr": "\u0421\u0430\u0439\u0442 - \u0432\u0438\u0437\u0438\u0442\u043a\u0430",
      "action_flag": 3,
      "change_message": ""
   }
},
{
   "model": "admin.logentry",
   "pk": 181,
   "fields": {
      "action_time": "2017-11-02T20:11:15.551Z",
      "user": 4,
      "content_type": 14,
      "object_id": "92",
      "object_repr": "\u0414\u0438\u0437\u0430\u0439\u043d \u0441\u0430\u0439\u0442\u0430",
      "action_flag": 3,
      "change_message": ""
   }
},
{
   "model": "admin.logentry",
   "pk": 182,
   "fields": {
      "action_time": "2017-11-02T20:11:15.680Z",
      "user": 4,
      "content_type": 14,
      "object_id": "91",
      "object_repr": "\u0421\u0430\u0439\u0442 - \u0432\u0438\u0437\u0438\u0442\u043a\u0430",
      "action_flag": 3,
      "change_message": ""
   }
},
{
   "model": "admin.logentry",
   "pk": 183,
   "fields": {
      "action_time": "2017-11-02T20:11:15.805Z",
      "user": 4,
      "content_type": 14,
      "object_id": "90",
      "object_repr": "\u0414\u0438\u0437\u0430\u0439\u043d \u0441\u0430\u0439\u0442\u0430",
      "action_flag": 3,
      "change_message": ""
   }
},
{
   "model": "admin.logentry",
   "pk": 184,
   "fields": {
      "action_time": "2017-11-02T20:11:16.092Z",
      "user": 4,
      "content_type": 14,
      "object_id": "89",
      "object_repr": "\u0421\u0430\u0439\u0442 - \u0432\u0438\u0437\u0438\u0442\u043a\u0430",
      "action_flag": 3,
      "change_message": ""
   }
},
{
   "model": "admin.logentry",
   "pk": 185,
   "fields": {
      "action_time": "2017-11-02T20:11:16.241Z",
      "user": 4,
      "content_type": 14,
      "object_id": "88",
      "object_repr": "\u0418\u043d\u0442\u0435\u0440\u043d\u0435\u0442 - \u043c\u0430\u0433\u0430\u0437\u0438\u043d",
      "action_flag": 3,
      "change_message": ""
   }
},
{
   "model": "admin.logentry",
   "pk": 186,
   "fields": {
      "action_time": "2017-11-02T20:11:16.461Z",
      "user": 4,
      "content_type": 14,
      "object_id": "87",
      "object_repr": "\u0421\u0430\u0439\u0442 - \u0432\u0438\u0437\u0438\u0442\u043a\u0430",
      "action_flag": 3,
      "change_message": ""
   }
},
{
   "model": "admin.logentry",
   "pk": 187,
   "fields": {
      "action_time": "2017-11-02T20:11:16.606Z",
      "user": 4,
      "content_type": 14,
      "object_id": "86",
      "object_repr": "\u0423\u043d\u0438\u043a\u0430\u043b\u044c\u043d\u044b\u0439 \u043b\u043e\u0433\u043e\u0442\u0438\u043f",
      "action_flag": 3,
      "change_message": ""
   }
},
{
   "model": "admin.logentry",
   "pk": 188,
   "fields": {
      "action_time": "2017-11-02T20:11:16.786Z",
      "user": 4,
      "content_type": 14,
      "object_id": "85",
      "object_repr": "\u041c\u0430\u0440\u043a\u0435\u0442\u0438\u043d\u0433 (SMM)",
      "action_flag": 3,
      "change_message": ""
   }
},
{
   "model": "admin.logentry",
   "pk": 189,
   "fields": {
      "action_time": "2017-11-02T20:11:16.911Z",
      "user": 4,
      "content_type": 14,
      "object_id": "84",
      "object_repr": "\u041c\u0430\u0440\u043a\u0435\u0442\u0438\u043d\u0433 (SMM)",
      "action_flag": 3,
      "change_message": ""
   }
},
{
   "model": "admin.logentry",
   "pk": 190,
   "fields": {
      "action_time": "2017-11-02T20:11:17.122Z",
      "user": 4,
      "content_type": 14,
      "object_id": "83",
      "object_repr": "\u041e\u043f\u0442\u0438\u043c\u0438\u0437\u0430\u0446\u0438\u044f \u0441\u0430\u0439\u0442\u0430",
      "action_flag": 3,
      "change_message": ""
   }
},
{
   "model": "admin.logentry",
   "pk": 191,
   "fields": {
      "action_time": "2017-11-02T20:11:17.246Z",
      "user": 4,
      "content_type": 14,
      "object_id": "82",
      "object_repr": "\u0414\u0438\u0437\u0430\u0439\u043d \u0441\u0430\u0439\u0442\u0430",
      "action_flag": 3,
      "change_message": ""
   }
},
{
   "model": "admin.logentry",
   "pk": 192,
   "fields": {
      "action_time": "2017-11-02T20:11:17.462Z",
      "user": 4,
      "content_type": 14,
      "object_id": "81",
      "object_repr": "\u041c\u0430\u0440\u043a\u0435\u0442\u0438\u043d\u0433 (SMM)",
      "action_flag": 3,
      "change_message": ""
   }
},
{
   "model": "admin.logentry",
   "pk": 193,
   "fields": {
      "action_time": "2017-11-02T20:11:17.647Z",
      "user": 4,
      "content_type": 14,
      "object_id": "80",
      "object_repr": "\u041c\u0430\u0440\u043a\u0435\u0442\u0438\u043d\u0433 (SMM)",
      "action_flag": 3,
      "change_message": ""
   }
},
{
   "model": "admin.logentry",
   "pk": 194,
   "fields": {
      "action_time": "2017-11-02T20:11:17.777Z",
      "user": 4,
      "content_type": 14,
      "object_id": "79",
      "object_repr": "\u0420\u0435\u043a\u043b\u0430\u043c\u0430",
      "action_flag": 3,
      "change_message": ""
   }
},
{
   "model": "admin.logentry",
   "pk": 195,
   "fields": {
      "action_time": "2017-11-02T20:11:17.942Z",
      "user": 4,
      "content_type": 14,
      "object_id": "78",
      "object_repr": "\u0421\u0430\u0439\u0442 - \u0432\u0438\u0437\u0438\u0442\u043a\u0430",
      "action_flag": 3,
      "change_message": ""
   }
},
{
   "model": "admin.logentry",
   "pk": 196,
   "fields": {
      "action_time": "2017-11-02T20:11:18.087Z",
      "user": 4,
      "content_type": 14,
      "object_id": "77",
      "object_repr": "\u041c\u0430\u0440\u043a\u0435\u0442\u0438\u043d\u0433 (SMM)",
      "action_flag": 3,
      "change_message": ""
   }
},
{
   "model": "admin.logentry",
   "pk": 197,
   "fields": {
      "action_time": "2017-11-02T20:11:18.227Z",
      "user": 4,
      "content_type": 14,
      "object_id": "76",
      "object_repr": "\u0420\u0435\u043a\u043b\u0430\u043c\u0430",
      "action_flag": 3,
      "change_message": ""
   }
},
{
   "model": "admin.logentry",
   "pk": 198,
   "fields": {
      "action_time": "2017-11-02T20:11:18.370Z",
      "user": 4,
      "content_type": 14,
      "object_id": "75",
      "object_repr": "\u0421\u0430\u0439\u0442 - \u0432\u0438\u0437\u0438\u0442\u043a\u0430",
      "action_flag": 3,
      "change_message": ""
   }
},
{
   "model": "admin.logentry",
   "pk": 199,
   "fields": {
      "action_time": "2017-11-02T20:11:18.544Z",
      "user": 4,
      "content_type": 14,
      "object_id": "74",
      "object_repr": "\u0420\u0435\u043a\u043b\u0430\u043c\u0430",
      "action_flag": 3,
      "change_message": ""
   }
},
{
   "model": "admin.logentry",
   "pk": 200,
   "fields": {
      "action_time": "2017-11-02T20:11:18.694Z",
      "user": 4,
      "content_type": 14,
      "object_id": "73",
      "object_repr": "\u0421\u0430\u0439\u0442 - \u0432\u0438\u0437\u0438\u0442\u043a\u0430",
      "action_flag": 3,
      "change_message": ""
   }
},
{
   "model": "admin.logentry",
   "pk": 201,
   "fields": {
      "action_time": "2017-11-02T20:11:18.865Z",
      "user": 4,
      "content_type": 14,
      "object_id": "72",
      "object_repr": "\u0421\u0430\u0439\u0442 - \u0432\u0438\u0437\u0438\u0442\u043a\u0430",
      "action_flag": 3,
      "change_message": ""
   }
},
{
   "model": "admin.logentry",
   "pk": 202,
   "fields": {
      "action_time": "2017-11-02T20:11:19.032Z",
      "user": 4,
      "content_type": 14,
      "object_id": "71",
      "object_repr": "\u0421\u0430\u0439\u0442 - \u0432\u0438\u0437\u0438\u0442\u043a\u0430",
      "action_flag": 3,
      "change_message": ""
   }
},
{
   "model": "admin.logentry",
   "pk": 203,
   "fields": {
      "action_time": "2017-11-02T20:11:19.233Z",
      "user": 4,
      "content_type": 14,
      "object_id": "70",
      "object_repr": "\u0421\u0430\u0439\u0442 - \u0432\u0438\u0437\u0438\u0442\u043a\u0430",
      "action_flag": 3,
      "change_message": ""
   }
},
{
   "model": "admin.logentry",
   "pk": 204,
   "fields": {
      "action_time": "2017-11-02T20:11:19.460Z",
      "user": 4,
      "content_type": 14,
      "object_id": "69",
      "object_repr": "\u041c\u0430\u0440\u043a\u0435\u0442\u0438\u043d\u0433 (SMM)",
      "action_flag": 3,
      "change_message": ""
   }
},
{
   "model": "admin.logentry",
   "pk": 205,
   "fields": {
      "action_time": "2017-11-02T20:11:19.615Z",
      "user": 4,
      "content_type": 14,
      "object_id": "68",
      "object_repr": "\u0418\u043d\u0442\u0435\u0440\u043d\u0435\u0442 - \u043c\u0430\u0433\u0430\u0437\u0438\u043d",
      "action_flag": 3,
      "change_message": ""
   }
},
{
   "model": "admin.logentry",
   "pk": 206,
   "fields": {
      "action_time": "2017-11-02T20:11:19.776Z",
      "user": 4,
      "content_type": 14,
      "object_id": "67",
      "object_repr": "\u0423\u043d\u0438\u043a\u0430\u043b\u044c\u043d\u044b\u0439 \u043b\u043e\u0433\u043e\u0442\u0438\u043f",
      "action_flag": 3,
      "change_message": ""
   }
},
{
   "model": "admin.logentry",
   "pk": 207,
   "fields": {
      "action_time": "2017-11-04T02:08:50.365Z",
      "user": 4,
      "content_type": 11,
      "object_id": "19",
      "object_repr": "\u0417\u0430\u043a\u0430\u0437 19 \u0412 \u043e\u0431\u0440\u0430\u0431\u043e\u0442\u043a\u0435",
      "action_flag": 2,
      "change_message": "[{\"changed\": {\"fields\": [\"comments\", \"status\"]}}]"
   }
},
{
   "model": "admin.logentry",
   "pk": 208,
   "fields": {
      "action_time": "2017-11-04T02:17:46.729Z",
      "user": 4,
      "content_type": 11,
      "object_id": "20",
      "object_repr": "\u0417\u0430\u043a\u0430\u0437 20 \u0412\u044b\u043f\u043e\u043b\u043d\u044f\u0435\u0442\u0441\u044f",
      "action_flag": 2,
      "change_message": "[{\"changed\": {\"fields\": [\"customer_email\", \"customer_address\", \"comments\"]}}]"
   }
},
{
   "model": "admin.logentry",
   "pk": 209,
   "fields": {
      "action_time": "2017-11-04T02:18:09.700Z",
      "user": 4,
      "content_type": 14,
      "object_id": "105",
      "object_repr": "\u041c\u0430\u0440\u043a\u0435\u0442\u0438\u043d\u0433 (SMM)",
      "action_flag": 3,
      "change_message": ""
   }
},
{
   "model": "admin.logentry",
   "pk": 210,
   "fields": {
      "action_time": "2017-11-04T02:18:53.858Z",
      "user": 4,
      "content_type": 8,
      "object_id": "8",
      "object_repr": "8000.00, \u041a\u043e\u043d\u0442\u0435\u043d\u0442",
      "action_flag": 2,
      "change_message": "[{\"changed\": {\"fields\": [\"is_active\"]}}]"
   }
},
{
   "model": "admin.logentry",
   "pk": 211,
   "fields": {
      "action_time": "2017-11-04T02:19:26.755Z",
      "user": 4,
      "content_type": 8,
      "object_id": "8",
      "object_repr": "8000.00, \u041a\u043e\u043d\u0442\u0435\u043d\u0442",
      "action_flag": 2,
      "change_message": "[{\"changed\": {\"fields\": [\"is_active\"]}}]"
   }
},
{
   "model": "admin.logentry",
   "pk": 212,
   "fields": {
      "action_time": "2017-11-04T03:13:18.885Z",
      "user": 4,
      "content_type": 8,
      "object_id": "3",
      "object_repr": "9990.00, \u0423\u043d\u0438\u043a\u0430\u043b\u044c\u043d\u044b\u0439 \u043b\u043e\u0433\u043e\u0442\u0438\u043f",
      "action_flag": 2,
      "change_message": "[{\"changed\": {\"fields\": [\"short_description\"]}}]"
   }
},
{
   "model": "admin.logentry",
   "pk": 213,
   "fields": {
      "action_time": "2017-11-04T03:14:15.295Z",
      "user": 4,
      "content_type": 8,
      "object_id": "3",
      "object_repr": "9990.00, \u0423\u043d\u0438\u043a\u0430\u043b\u044c\u043d\u044b\u0439 \u043b\u043e\u0433\u043e\u0442\u0438\u043f",
      "action_flag": 2,
      "change_message": "[{\"changed\": {\"fields\": [\"short_description\", \"description\"]}}]"
   }
},
{
   "model": "admin.logentry",
   "pk": 214,
   "fields": {
      "action_time": "2017-11-04T03:16:14.898Z",
      "user": 4,
      "content_type": 8,
      "object_id": "1",
      "object_repr": "15000.06, \u0421\u0430\u0439\u0442 - \u0432\u0438\u0437\u0438\u0442\u043a\u0430",
      "action_flag": 2,
      "change_message": "[{\"changed\": {\"fields\": [\"short_description\", \"description\"]}}]"
   }
},
{
   "model": "admin.logentry",
   "pk": 215,
   "fields": {
      "action_time": "2017-11-04T03:16:27.951Z",
      "user": 4,
      "content_type": 8,
      "object_id": "2",
      "object_repr": "9990.00, \u0414\u0438\u0437\u0430\u0439\u043d \u0441\u0430\u0439\u0442\u0430",
      "action_flag": 2,
      "change_message": "[{\"changed\": {\"fields\": [\"short_description\", \"description\"]}}]"
   }
},
{
   "model": "admin.logentry",
   "pk": 216,
   "fields": {
      "action_time": "2017-11-04T03:16:41.168Z",
      "user": 4,
      "content_type": 8,
      "object_id": "4",
      "object_repr": "26000.00, \u0418\u043d\u0442\u0435\u0440\u043d\u0435\u0442 - \u043c\u0430\u0433\u0430\u0437\u0438\u043d",
      "action_flag": 2,
      "change_message": "[{\"changed\": {\"fields\": [\"short_description\", \"description\"]}}]"
   }
},
{
   "model": "admin.logentry",
   "pk": 217,
   "fields": {
      "action_time": "2017-11-04T03:16:51.238Z",
      "user": 4,
      "content_type": 8,
      "object_id": "5",
      "object_repr": "9000.00, \u041e\u043f\u0442\u0438\u043c\u0438\u0437\u0430\u0446\u0438\u044f \u0441\u0430\u0439\u0442\u0430",
      "action_flag": 2,
      "change_message": "[{\"changed\": {\"fields\": [\"short_description\", \"description\"]}}]"
   }
},
{
   "model": "admin.logentry",
   "pk": 218,
   "fields": {
      "action_time": "2017-11-04T03:17:07.508Z",
      "user": 4,
      "content_type": 8,
      "object_id": "6",
      "object_repr": "15000.00, \u0420\u0435\u043a\u043b\u0430\u043c\u0430",
      "action_flag": 2,
      "change_message": "[{\"changed\": {\"fields\": [\"short_description\", \"description\"]}}]"
   }
},
{
   "model": "admin.logentry",
   "pk": 219,
   "fields": {
      "action_time": "2017-11-04T03:17:24.018Z",
      "user": 4,
      "content_type": 8,
      "object_id": "7",
      "object_repr": "15000.00, \u041c\u0430\u0440\u043a\u0435\u0442\u0438\u043d\u0433 (SMM)",
      "action_flag": 2,
      "change_message": "[{\"changed\": {\"fields\": [\"short_description\", \"description\"]}}]"
   }
},
{
   "model": "admin.logentry",
   "pk": 220,
   "fields": {
      "action_time": "2017-11-04T03:17:40.488Z",
      "user": 4,
      "content_type": 8,
      "object_id": "8",
      "object_repr": "8000.00, \u041a\u043e\u043d\u0442\u0435\u043d\u0442",
      "action_flag": 2,
      "change_message": "[{\"changed\": {\"fields\": [\"short_description\", \"description\"]}}]"
   }
},
{
   "model": "admin.logentry",
   "pk": 221,
   "fields": {
      "action_time": "2017-11-08T21:27:18.632Z",
      "user": 4,
      "content_type": 14,
      "object_id": "162",
      "object_repr": "\u041c\u0430\u0440\u043a\u0435\u0442\u0438\u043d\u0433 (SMM)",
      "action_flag": 3,
      "change_message": ""
   }
},
{
   "model": "admin.logentry",
   "pk": 222,
   "fields": {
      "action_time": "2017-11-08T21:27:18.782Z",
      "user": 4,
      "content_type": 14,
      "object_id": "161",
      "object_repr": "\u0418\u043d\u0442\u0435\u0440\u043d\u0435\u0442 - \u043c\u0430\u0433\u0430\u0437\u0438\u043d",
      "action_flag": 3,
      "change_message": ""
   }
},
{
   "model": "admin.logentry",
   "pk": 223,
   "fields": {
      "action_time": "2017-11-08T21:27:18.884Z",
      "user": 4,
      "content_type": 14,
      "object_id": "160",
      "object_repr": "\u0421\u0430\u0439\u0442 - \u0432\u0438\u0437\u0438\u0442\u043a\u0430",
      "action_flag": 3,
      "change_message": ""
   }
},
{
   "model": "admin.logentry",
   "pk": 224,
   "fields": {
      "action_time": "2017-11-08T21:27:18.984Z",
      "user": 4,
      "content_type": 14,
      "object_id": "159",
      "object_repr": "\u0421\u0430\u0439\u0442 - \u0432\u0438\u0437\u0438\u0442\u043a\u0430",
      "action_flag": 3,
      "change_message": ""
   }
},
{
   "model": "admin.logentry",
   "pk": 225,
   "fields": {
      "action_time": "2017-11-08T21:27:19.078Z",
      "user": 4,
      "content_type": 14,
      "object_id": "158",
      "object_repr": "\u041c\u0430\u0440\u043a\u0435\u0442\u0438\u043d\u0433 (SMM)",
      "action_flag": 3,
      "change_message": ""
   }
},
{
   "model": "admin.logentry",
   "pk": 226,
   "fields": {
      "action_time": "2017-11-08T21:27:19.201Z",
      "user": 4,
      "content_type": 14,
      "object_id": "157",
      "object_repr": "\u0418\u043d\u0442\u0435\u0440\u043d\u0435\u0442 - \u043c\u0430\u0433\u0430\u0437\u0438\u043d",
      "action_flag": 3,
      "change_message": ""
   }
},
{
   "model": "admin.logentry",
   "pk": 227,
   "fields": {
      "action_time": "2017-11-08T21:27:19.335Z",
      "user": 4,
      "content_type": 14,
      "object_id": "156",
      "object_repr": "\u0420\u0435\u043a\u043b\u0430\u043c\u0430",
      "action_flag": 3,
      "change_message": ""
   }
},
{
   "model": "admin.logentry",
   "pk": 228,
   "fields": {
      "action_time": "2017-11-08T21:27:19.515Z",
      "user": 4,
      "content_type": 14,
      "object_id": "155",
      "object_repr": "\u0418\u043d\u0442\u0435\u0440\u043d\u0435\u0442 - \u043c\u0430\u0433\u0430\u0437\u0438\u043d",
      "action_flag": 3,
      "change_message": ""
   }
},
{
   "model": "admin.logentry",
   "pk": 229,
   "fields": {
      "action_time": "2017-11-08T21:27:19.820Z",
      "user": 4,
      "content_type": 14,
      "object_id": "154",
      "object_repr": "\u0421\u0430\u0439\u0442 - \u0432\u0438\u0437\u0438\u0442\u043a\u0430",
      "action_flag": 3,
      "change_message": ""
   }
},
{
   "model": "admin.logentry",
   "pk": 230,
   "fields": {
      "action_time": "2017-11-08T21:27:19.968Z",
      "user": 4,
      "content_type": 14,
      "object_id": "153",
      "object_repr": "\u0414\u0438\u0437\u0430\u0439\u043d \u0441\u0430\u0439\u0442\u0430",
      "action_flag": 3,
      "change_message": ""
   }
},
{
   "model": "admin.logentry",
   "pk": 231,
   "fields": {
      "action_time": "2017-11-08T21:27:20.158Z",
      "user": 4,
      "content_type": 14,
      "object_id": "152",
      "object_repr": "\u041e\u043f\u0442\u0438\u043c\u0438\u0437\u0430\u0446\u0438\u044f \u0441\u0430\u0439\u0442\u0430",
      "action_flag": 3,
      "change_message": ""
   }
},
{
   "model": "admin.logentry",
   "pk": 232,
   "fields": {
      "action_time": "2017-11-08T21:27:20.338Z",
      "user": 4,
      "content_type": 14,
      "object_id": "151",
      "object_repr": "\u041e\u043f\u0442\u0438\u043c\u0438\u0437\u0430\u0446\u0438\u044f \u0441\u0430\u0439\u0442\u0430",
      "action_flag": 3,
      "change_message": ""
   }
},
{
   "model": "admin.logentry",
   "pk": 233,
   "fields": {
      "action_time": "2017-11-08T21:27:20.552Z",
      "user": 4,
      "content_type": 14,
      "object_id": "150",
      "object_repr": "\u041a\u043e\u043d\u0442\u0435\u043d\u0442",
      "action_flag": 3,
      "change_message": ""
   }
},
{
   "model": "admin.logentry",
   "pk": 234,
   "fields": {
      "action_time": "2017-11-08T21:27:20.750Z",
      "user": 4,
      "content_type": 14,
      "object_id": "149",
      "object_repr": "\u041a\u043e\u043d\u0442\u0435\u043d\u0442",
      "action_flag": 3,
      "change_message": ""
   }
},
{
   "model": "admin.logentry",
   "pk": 235,
   "fields": {
      "action_time": "2017-11-08T21:27:20.954Z",
      "user": 4,
      "content_type": 14,
      "object_id": "148",
      "object_repr": "\u0414\u0438\u0437\u0430\u0439\u043d \u0441\u0430\u0439\u0442\u0430",
      "action_flag": 3,
      "change_message": ""
   }
},
{
   "model": "admin.logentry",
   "pk": 236,
   "fields": {
      "action_time": "2017-11-08T21:27:21.154Z",
      "user": 4,
      "content_type": 14,
      "object_id": "147",
      "object_repr": "\u0414\u0438\u0437\u0430\u0439\u043d \u0441\u0430\u0439\u0442\u0430",
      "action_flag": 3,
      "change_message": ""
   }
},
{
   "model": "admin.logentry",
   "pk": 237,
   "fields": {
      "action_time": "2017-11-08T21:27:21.313Z",
      "user": 4,
      "content_type": 14,
      "object_id": "146",
      "object_repr": "\u0420\u0435\u043a\u043b\u0430\u043c\u0430",
      "action_flag": 3,
      "change_message": ""
   }
},
{
   "model": "admin.logentry",
   "pk": 238,
   "fields": {
      "action_time": "2017-11-08T21:27:21.411Z",
      "user": 4,
      "content_type": 14,
      "object_id": "145",
      "object_repr": "\u0414\u0438\u0437\u0430\u0439\u043d \u0441\u0430\u0439\u0442\u0430",
      "action_flag": 3,
      "change_message": ""
   }
},
{
   "model": "admin.logentry",
   "pk": 239,
   "fields": {
      "action_time": "2017-11-08T21:27:21.518Z",
      "user": 4,
      "content_type": 14,
      "object_id": "144",
      "object_repr": "\u0414\u0438\u0437\u0430\u0439\u043d \u0441\u0430\u0439\u0442\u0430",
      "action_flag": 3,
      "change_message": ""
   }
},
{
   "model": "admin.logentry",
   "pk": 240,
   "fields": {
      "action_time": "2017-11-08T21:27:21.616Z",
      "user": 4,
      "content_type": 14,
      "object_id": "143",
      "object_repr": "\u0418\u043d\u0442\u0435\u0440\u043d\u0435\u0442 - \u043c\u0430\u0433\u0430\u0437\u0438\u043d",
      "action_flag": 3,
      "change_message": ""
   }
},
{
   "model": "admin.logentry",
   "pk": 241,
   "fields": {
      "action_time": "2017-11-08T21:27:21.735Z",
      "user": 4,
      "content_type": 14,
      "object_id": "142",
      "object_repr": "\u0418\u043d\u0442\u0435\u0440\u043d\u0435\u0442 - \u043c\u0430\u0433\u0430\u0437\u0438\u043d",
      "action_flag": 3,
      "change_message": ""
   }
},
{
   "model": "admin.logentry",
   "pk": 242,
   "fields": {
      "action_time": "2017-11-08T21:27:21.832Z",
      "user": 4,
      "content_type": 14,
      "object_id": "141",
      "object_repr": "\u0418\u043d\u0442\u0435\u0440\u043d\u0435\u0442 - \u043c\u0430\u0433\u0430\u0437\u0438\u043d",
      "action_flag": 3,
      "change_message": ""
   }
},
{
   "model": "admin.logentry",
   "pk": 243,
   "fields": {
      "action_time": "2017-11-08T21:27:21.952Z",
      "user": 4,
      "content_type": 14,
      "object_id": "140",
      "object_repr": "\u0418\u043d\u0442\u0435\u0440\u043d\u0435\u0442 - \u043c\u0430\u0433\u0430\u0437\u0438\u043d",
      "action_flag": 3,
      "change_message": ""
   }
},
{
   "model": "admin.logentry",
   "pk": 244,
   "fields": {
      "action_time": "2017-11-08T21:27:22.059Z",
      "user": 4,
      "content_type": 14,
      "object_id": "139",
      "object_repr": "\u0423\u043d\u0438\u043a\u0430\u043b\u044c\u043d\u044b\u0439 \u043b\u043e\u0433\u043e\u0442\u0438\u043f",
      "action_flag": 3,
      "change_message": ""
   }
},
{
   "model": "admin.logentry",
   "pk": 245,
   "fields": {
      "action_time": "2017-11-08T21:27:22.177Z",
      "user": 4,
      "content_type": 14,
      "object_id": "138",
      "object_repr": "\u0414\u0438\u0437\u0430\u0439\u043d \u0441\u0430\u0439\u0442\u0430",
      "action_flag": 3,
      "change_message": ""
   }
},
{
   "model": "admin.logentry",
   "pk": 246,
   "fields": {
      "action_time": "2017-11-08T21:27:22.278Z",
      "user": 4,
      "content_type": 14,
      "object_id": "137",
      "object_repr": "\u0414\u0438\u0437\u0430\u0439\u043d \u0441\u0430\u0439\u0442\u0430",
      "action_flag": 3,
      "change_message": ""
   }
},
{
   "model": "admin.logentry",
   "pk": 247,
   "fields": {
      "action_time": "2017-11-08T21:27:22.397Z",
      "user": 4,
      "content_type": 14,
      "object_id": "136",
      "object_repr": "\u0414\u0438\u0437\u0430\u0439\u043d \u0441\u0430\u0439\u0442\u0430",
      "action_flag": 3,
      "change_message": ""
   }
},
{
   "model": "admin.logentry",
   "pk": 248,
   "fields": {
      "action_time": "2017-11-08T21:27:22.596Z",
      "user": 4,
      "content_type": 14,
      "object_id": "135",
      "object_repr": "\u041a\u043e\u043d\u0442\u0435\u043d\u0442",
      "action_flag": 3,
      "change_message": ""
   }
},
{
   "model": "admin.logentry",
   "pk": 249,
   "fields": {
      "action_time": "2017-11-08T21:27:22.805Z",
      "user": 4,
      "content_type": 14,
      "object_id": "134",
      "object_repr": "\u0423\u043d\u0438\u043a\u0430\u043b\u044c\u043d\u044b\u0439 \u043b\u043e\u0433\u043e\u0442\u0438\u043f",
      "action_flag": 3,
      "change_message": ""
   }
},
{
   "model": "admin.logentry",
   "pk": 250,
   "fields": {
      "action_time": "2017-11-08T21:27:22.928Z",
      "user": 4,
      "content_type": 14,
      "object_id": "133",
      "object_repr": "\u0423\u043d\u0438\u043a\u0430\u043b\u044c\u043d\u044b\u0439 \u043b\u043e\u0433\u043e\u0442\u0438\u043f",
      "action_flag": 3,
      "change_message": ""
   }
},
{
   "model": "admin.logentry",
   "pk": 251,
   "fields": {
      "action_time": "2017-11-08T21:27:23.052Z",
      "user": 4,
      "content_type": 14,
      "object_id": "132",
      "object_repr": "\u0423\u043d\u0438\u043a\u0430\u043b\u044c\u043d\u044b\u0439 \u043b\u043e\u0433\u043e\u0442\u0438\u043f",
      "action_flag": 3,
      "change_message": ""
   }
},
{
   "model": "admin.logentry",
   "pk": 252,
   "fields": {
      "action_time": "2017-11-08T21:27:23.180Z",
      "user": 4,
      "content_type": 14,
      "object_id": "131",
      "object_repr": "\u0418\u043d\u0442\u0435\u0440\u043d\u0435\u0442 - \u043c\u0430\u0433\u0430\u0437\u0438\u043d",
      "action_flag": 3,
      "change_message": ""
   }
},
{
   "model": "admin.logentry",
   "pk": 253,
   "fields": {
      "action_time": "2017-11-08T21:27:23.283Z",
      "user": 4,
      "content_type": 14,
      "object_id": "130",
      "object_repr": "\u0414\u0438\u0437\u0430\u0439\u043d \u0441\u0430\u0439\u0442\u0430",
      "action_flag": 3,
      "change_message": ""
   }
},
{
   "model": "admin.logentry",
   "pk": 254,
   "fields": {
      "action_time": "2017-11-08T21:27:23.374Z",
      "user": 4,
      "content_type": 14,
      "object_id": "129",
      "object_repr": "\u0414\u0438\u0437\u0430\u0439\u043d \u0441\u0430\u0439\u0442\u0430",
      "action_flag": 3,
      "change_message": ""
   }
},
{
   "model": "admin.logentry",
   "pk": 255,
   "fields": {
      "action_time": "2017-11-08T21:27:23.487Z",
      "user": 4,
      "content_type": 14,
      "object_id": "128",
      "object_repr": "\u0421\u0430\u0439\u0442 - \u0432\u0438\u0437\u0438\u0442\u043a\u0430",
      "action_flag": 3,
      "change_message": ""
   }
},
{
   "model": "admin.logentry",
   "pk": 256,
   "fields": {
      "action_time": "2017-11-08T21:27:23.574Z",
      "user": 4,
      "content_type": 14,
      "object_id": "127",
      "object_repr": "\u0421\u0430\u0439\u0442 - \u0432\u0438\u0437\u0438\u0442\u043a\u0430",
      "action_flag": 3,
      "change_message": ""
   }
},
{
   "model": "admin.logentry",
   "pk": 257,
   "fields": {
      "action_time": "2017-11-08T21:27:23.668Z",
      "user": 4,
      "content_type": 14,
      "object_id": "126",
      "object_repr": "\u0414\u0438\u0437\u0430\u0439\u043d \u0441\u0430\u0439\u0442\u0430",
      "action_flag": 3,
      "change_message": ""
   }
},
{
   "model": "admin.logentry",
   "pk": 258,
   "fields": {
      "action_time": "2017-11-08T21:27:23.845Z",
      "user": 4,
      "content_type": 14,
      "object_id": "125",
      "object_repr": "\u0414\u0438\u0437\u0430\u0439\u043d \u0441\u0430\u0439\u0442\u0430",
      "action_flag": 3,
      "change_message": ""
   }
},
{
   "model": "admin.logentry",
   "pk": 259,
   "fields": {
      "action_time": "2017-11-08T21:27:23.979Z",
      "user": 4,
      "content_type": 14,
      "object_id": "124",
      "object_repr": "\u0418\u043d\u0442\u0435\u0440\u043d\u0435\u0442 - \u043c\u0430\u0433\u0430\u0437\u0438\u043d",
      "action_flag": 3,
      "change_message": ""
   }
},
{
   "model": "admin.logentry",
   "pk": 260,
   "fields": {
      "action_time": "2017-11-08T21:27:24.128Z",
      "user": 4,
      "content_type": 14,
      "object_id": "123",
      "object_repr": "\u0421\u0430\u0439\u0442 - \u0432\u0438\u0437\u0438\u0442\u043a\u0430",
      "action_flag": 3,
      "change_message": ""
   }
},
{
   "model": "admin.logentry",
   "pk": 261,
   "fields": {
      "action_time": "2017-11-08T21:27:24.247Z",
      "user": 4,
      "content_type": 14,
      "object_id": "122",
      "object_repr": "\u0423\u043d\u0438\u043a\u0430\u043b\u044c\u043d\u044b\u0439 \u043b\u043e\u0433\u043e\u0442\u0438\u043f",
      "action_flag": 3,
      "change_message": ""
   }
},
{
   "model": "admin.logentry",
   "pk": 262,
   "fields": {
      "action_time": "2017-11-08T21:27:24.351Z",
      "user": 4,
      "content_type": 14,
      "object_id": "121",
      "object_repr": "\u041c\u0430\u0440\u043a\u0435\u0442\u0438\u043d\u0433 (SMM)",
      "action_flag": 3,
      "change_message": ""
   }
},
{
   "model": "admin.logentry",
   "pk": 263,
   "fields": {
      "action_time": "2017-11-08T21:27:24.450Z",
      "user": 4,
      "content_type": 14,
      "object_id": "120",
      "object_repr": "\u0418\u043d\u0442\u0435\u0440\u043d\u0435\u0442 - \u043c\u0430\u0433\u0430\u0437\u0438\u043d",
      "action_flag": 3,
      "change_message": ""
   }
},
{
   "model": "admin.logentry",
   "pk": 264,
   "fields": {
      "action_time": "2017-11-08T21:27:24.566Z",
      "user": 4,
      "content_type": 14,
      "object_id": "119",
      "object_repr": "\u0421\u0430\u0439\u0442 - \u0432\u0438\u0437\u0438\u0442\u043a\u0430",
      "action_flag": 3,
      "change_message": ""
   }
},
{
   "model": "admin.logentry",
   "pk": 265,
   "fields": {
      "action_time": "2017-11-08T21:27:24.677Z",
      "user": 4,
      "content_type": 14,
      "object_id": "118",
      "object_repr": "\u041a\u043e\u043d\u0442\u0435\u043d\u0442",
      "action_flag": 3,
      "change_message": ""
   }
},
{
   "model": "admin.logentry",
   "pk": 266,
   "fields": {
      "action_time": "2017-11-08T21:27:24.791Z",
      "user": 4,
      "content_type": 14,
      "object_id": "117",
      "object_repr": "\u041c\u0430\u0440\u043a\u0435\u0442\u0438\u043d\u0433 (SMM)",
      "action_flag": 3,
      "change_message": ""
   }
},
{
   "model": "admin.logentry",
   "pk": 267,
   "fields": {
      "action_time": "2017-11-08T21:27:24.910Z",
      "user": 4,
      "content_type": 14,
      "object_id": "116",
      "object_repr": "\u0420\u0435\u043a\u043b\u0430\u043c\u0430",
      "action_flag": 3,
      "change_message": ""
   }
},
{
   "model": "admin.logentry",
   "pk": 268,
   "fields": {
      "action_time": "2017-11-08T21:27:25.009Z",
      "user": 4,
      "content_type": 14,
      "object_id": "115",
      "object_repr": "\u041e\u043f\u0442\u0438\u043c\u0438\u0437\u0430\u0446\u0438\u044f \u0441\u0430\u0439\u0442\u0430",
      "action_flag": 3,
      "change_message": ""
   }
},
{
   "model": "admin.logentry",
   "pk": 269,
   "fields": {
      "action_time": "2017-11-08T21:27:25.136Z",
      "user": 4,
      "content_type": 14,
      "object_id": "114",
      "object_repr": "\u0418\u043d\u0442\u0435\u0440\u043d\u0435\u0442 - \u043c\u0430\u0433\u0430\u0437\u0438\u043d",
      "action_flag": 3,
      "change_message": ""
   }
},
{
   "model": "admin.logentry",
   "pk": 270,
   "fields": {
      "action_time": "2017-11-08T21:27:25.250Z",
      "user": 4,
      "content_type": 14,
      "object_id": "113",
      "object_repr": "\u0414\u0438\u0437\u0430\u0439\u043d \u0441\u0430\u0439\u0442\u0430",
      "action_flag": 3,
      "change_message": ""
   }
},
{
   "model": "admin.logentry",
   "pk": 271,
   "fields": {
      "action_time": "2017-11-08T21:27:25.383Z",
      "user": 4,
      "content_type": 14,
      "object_id": "112",
      "object_repr": "\u0421\u0430\u0439\u0442 - \u0432\u0438\u0437\u0438\u0442\u043a\u0430",
      "action_flag": 3,
      "change_message": ""
   }
},
{
   "model": "admin.logentry",
   "pk": 272,
   "fields": {
      "action_time": "2017-11-08T21:27:25.498Z",
      "user": 4,
      "content_type": 14,
      "object_id": "111",
      "object_repr": "\u0421\u0430\u0439\u0442 - \u0432\u0438\u0437\u0438\u0442\u043a\u0430",
      "action_flag": 3,
      "change_message": ""
   }
},
{
   "model": "admin.logentry",
   "pk": 273,
   "fields": {
      "action_time": "2017-11-08T21:27:25.650Z",
      "user": 4,
      "content_type": 14,
      "object_id": "110",
      "object_repr": "\u041e\u043f\u0442\u0438\u043c\u0438\u0437\u0430\u0446\u0438\u044f \u0441\u0430\u0439\u0442\u0430",
      "action_flag": 3,
      "change_message": ""
   }
},
{
   "model": "admin.logentry",
   "pk": 274,
   "fields": {
      "action_time": "2017-11-08T21:27:25.806Z",
      "user": 4,
      "content_type": 14,
      "object_id": "109",
      "object_repr": "\u041c\u0430\u0440\u043a\u0435\u0442\u0438\u043d\u0433 (SMM)",
      "action_flag": 3,
      "change_message": ""
   }
},
{
   "model": "admin.logentry",
   "pk": 275,
   "fields": {
      "action_time": "2017-11-08T21:27:25.962Z",
      "user": 4,
      "content_type": 14,
      "object_id": "108",
      "object_repr": "\u041a\u043e\u043d\u0442\u0435\u043d\u0442",
      "action_flag": 3,
      "change_message": ""
   }
},
{
   "model": "admin.logentry",
   "pk": 276,
   "fields": {
      "action_time": "2017-11-08T21:27:26.164Z",
      "user": 4,
      "content_type": 14,
      "object_id": "107",
      "object_repr": "\u0418\u043d\u0442\u0435\u0440\u043d\u0435\u0442 - \u043c\u0430\u0433\u0430\u0437\u0438\u043d",
      "action_flag": 3,
      "change_message": ""
   }
},
{
   "model": "admin.logentry",
   "pk": 277,
   "fields": {
      "action_time": "2017-11-08T21:27:26.306Z",
      "user": 4,
      "content_type": 14,
      "object_id": "106",
      "object_repr": "\u0420\u0435\u043a\u043b\u0430\u043c\u0430",
      "action_flag": 3,
      "change_message": ""
   }
},
{
   "model": "admin.logentry",
   "pk": 278,
   "fields": {
      "action_time": "2017-11-08T21:27:26.446Z",
      "user": 4,
      "content_type": 14,
      "object_id": "104",
      "object_repr": "\u0423\u043d\u0438\u043a\u0430\u043b\u044c\u043d\u044b\u0439 \u043b\u043e\u0433\u043e\u0442\u0438\u043f",
      "action_flag": 3,
      "change_message": ""
   }
},
{
   "model": "admin.logentry",
   "pk": 279,
   "fields": {
      "action_time": "2017-11-08T21:27:26.677Z",
      "user": 4,
      "content_type": 14,
      "object_id": "103",
      "object_repr": "\u0414\u0438\u0437\u0430\u0439\u043d \u0441\u0430\u0439\u0442\u0430",
      "action_flag": 3,
      "change_message": ""
   }
},
{
   "model": "admin.logentry",
   "pk": 280,
   "fields": {
      "action_time": "2017-11-08T21:27:26.832Z",
      "user": 4,
      "content_type": 14,
      "object_id": "102",
      "object_repr": "\u041a\u043e\u043d\u0442\u0435\u043d\u0442",
      "action_flag": 3,
      "change_message": ""
   }
},
{
   "model": "admin.logentry",
   "pk": 281,
   "fields": {
      "action_time": "2017-11-08T21:27:26.985Z",
      "user": 4,
      "content_type": 14,
      "object_id": "101",
      "object_repr": "\u0423\u043d\u0438\u043a\u0430\u043b\u044c\u043d\u044b\u0439 \u043b\u043e\u0433\u043e\u0442\u0438\u043f",
      "action_flag": 3,
      "change_message": ""
   }
},
{
   "model": "admin.logentry",
   "pk": 282,
   "fields": {
      "action_time": "2017-11-08T21:27:27.122Z",
      "user": 4,
      "content_type": 14,
      "object_id": "100",
      "object_repr": "\u0414\u0438\u0437\u0430\u0439\u043d \u0441\u0430\u0439\u0442\u0430",
      "action_flag": 3,
      "change_message": ""
   }
},
{
   "model": "admin.logentry",
   "pk": 283,
   "fields": {
      "action_time": "2017-11-08T21:27:27.293Z",
      "user": 4,
      "content_type": 14,
      "object_id": "99",
      "object_repr": "\u0423\u043d\u0438\u043a\u0430\u043b\u044c\u043d\u044b\u0439 \u043b\u043e\u0433\u043e\u0442\u0438\u043f",
      "action_flag": 3,
      "change_message": ""
   }
},
{
   "model": "admin.logentry",
   "pk": 284,
   "fields": {
      "action_time": "2017-11-08T21:27:27.461Z",
      "user": 4,
      "content_type": 14,
      "object_id": "98",
      "object_repr": "\u0414\u0438\u0437\u0430\u0439\u043d \u0441\u0430\u0439\u0442\u0430",
      "action_flag": 3,
      "change_message": ""
   }
},
{
   "model": "admin.logentry",
   "pk": 285,
   "fields": {
      "action_time": "2017-11-08T21:27:27.615Z",
      "user": 4,
      "content_type": 14,
      "object_id": "97",
      "object_repr": "\u0414\u0438\u0437\u0430\u0439\u043d \u0441\u0430\u0439\u0442\u0430",
      "action_flag": 3,
      "change_message": ""
   }
},
{
   "model": "admin.logentry",
   "pk": 286,
   "fields": {
      "action_time": "2017-11-08T21:27:27.910Z",
      "user": 4,
      "content_type": 14,
      "object_id": "96",
      "object_repr": "\u0414\u0438\u0437\u0430\u0439\u043d \u0441\u0430\u0439\u0442\u0430",
      "action_flag": 3,
      "change_message": ""
   }
},
{
   "model": "admin.logentry",
   "pk": 287,
   "fields": {
      "action_time": "2017-11-08T21:27:28.038Z",
      "user": 4,
      "content_type": 14,
      "object_id": "95",
      "object_repr": "\u0414\u0438\u0437\u0430\u0439\u043d \u0441\u0430\u0439\u0442\u0430",
      "action_flag": 3,
      "change_message": ""
   }
},
{
   "model": "admin.logentry",
   "pk": 288,
   "fields": {
      "action_time": "2017-11-08T21:27:28.194Z",
      "user": 4,
      "content_type": 14,
      "object_id": "94",
      "object_repr": "\u0421\u0430\u0439\u0442 - \u0432\u0438\u0437\u0438\u0442\u043a\u0430",
      "action_flag": 3,
      "change_message": ""
   }
},
{
   "model": "admin.logentry",
   "pk": 289,
   "fields": {
      "action_time": "2017-11-08T21:27:28.350Z",
      "user": 4,
      "content_type": 14,
      "object_id": "93",
      "object_repr": "\u0423\u043d\u0438\u043a\u0430\u043b\u044c\u043d\u044b\u0439 \u043b\u043e\u0433\u043e\u0442\u0438\u043f",
      "action_flag": 3,
      "change_message": ""
   }
}
]
